sampleID,read_count,Lactobacillus_crispatus,Lactobacillus_iners,Lactobacillus_jensenii,Lactobacillus_gasseri,g_Megasphaera,Prevotella_amnii,Streptococcus_anginosus,Prevotella_bivia,Gardnerella_vaginalis,Aerococcus_christensenii,Prevotella_buccalis,Streptococcus_mitis,o_Clostridiales,Ureaplasma_parvum,g_Corynebacterium,Lactobacillus_vaginalis,Clostridium_perfringens,g_Dialister,Finegoldia_magna,f_Enterobacteriaceae,Peptoniphilus_harei,f_Lachnospiraceae,Veillonella_montpellierensis,Staphylococcus_epidermidis,o_Gemellales,f_Rs-045,g_Prevotella,f_Rs-045.1,Staphylococcus_haemolyticus,g_Gemella,Prevotella_disiens,g_Peptoniphilus,g_Anaerococcus,Prevotella_corporis,Campylobacter_ureolyticus,g_Finegoldia,Dialister_propionicifaciens,f_Coriobacteriaceae,Lactobacillus_coleohominis,Corynebacterium_pyruviciproducens,g_Veillonella,Corynebacterium_kroppenstedtii,Actinomyces_neuii,Prevotella_oris,Fusobacterium_nucleatum_subsp._animalis,g_Lactobacillus,Propionimicrobium_lymphophilum,Anaerococcus_hydrogenalis,Corynebacterium_thomssenii_sundsvallense,WAL_1855D,g_Mobiluncus,Peptoniphilus_lacrimalis,Sneathia_amnii_[NVP],Porphyromonas_somerae,g_Proteus,g_Parvimonas,Porphyromonas_bennonis,Prevotella_denticola,Corynebacterium_aurimucosum_nigricans,Facklamia_miroungae,Anaerococcus_tetradius,g_Sutterella,Corynebacterium_tuscaniense,Anaeroglobus_geminatus,g_Varibaculum,Enterococcus_faecalis,Actinomyces_oris,Propionibacterium_acnes,Peptoniphilus_sp._oral_taxon_375,Corynebacterium_imitans_lipophiloflavum,Mobiluncus_curtisii,Facklamia_ignava,Campylobacter_hominis,Eubacterium_rectale,Bacteroides_coagulans,Fastidiosipila_sanguinis,Anaerococcus_octavius,Brevibacterium_ravenspurgense,g_ph2,Alloscardovia_omnicolens,Atopobium_sp._oral_taxon_810,Peptostreptococcus_anaerobius,Granulicatella_adiacens,Peptoniphilus_indolicus,Actinomyces_europaeus,Prevotella_bergensis,Atopobium_parvulum,Streptococcus_salivarius,Jonquetella_anthropi,g_Actinobaculum,g_Streptococcus.1,g_Veillonella.1,Dialister_invisus,g_1-68,Actinobaculum_massiliense,g_Moryella,Bifidobacterium_breve,o_Actinomycetales,Anaerococcus_lactolyticus,Porphyromonas_uenonis,g_Mogibacterium,g_Gallicola,Corynebacterium_urealyticum,Ruminococcaceae_[G-1]_sp._oral_taxon_075,Actinomyces_radingae,g_Pyramidobacter,g_Atopobium,Varibaculum_cambriense,Lactobacillus_reuteri,Fusobacterium_gonidiaformans,g_Porphyromonas,Actinomyces_turicensis,Collinsella_aerofaciens,g_Dermabacter,f_[Mogibacteriaceae],g_Acidaminococcus,Bacteroidetes_[G-7]_sp._oral_taxon_911,g_Fusobacterium,Prevotella_histicola,f_Neisseriaceae,g_Ruminococcus,g_Helcococcus,g_Staphylococcus,Corynebacterium_simulans_striatum,g_Ureaplasma,Aerococcus_urinae,[Eubacterium]_biforme,Staphylococcus_aureus,Streptococcus_pseudopneumoniae,g_Arcanobacterium,Parvimonas_micra,Streptococcus_parasanguinis_II,g_Streptococcus,Peptostreptococcus_stomatis,Prevotella_melaninogenica,f_S24-7,Actinomyces_urogenitalis,I-A_sim,I-B_sim,II_sim,III-A_sim,III-B_sim,IV-A_sim,IV-B_sim,IV-C0_sim,IV-C1_sim,IV-C2_sim,IV-C3_sim,IV-C4_sim,V_sim,subCST,score,CST
M400MVAG,8634,8579,3,4,4,0,0,0,1,0,0,0,0,0,0,0,0,42,0,1,0,0,0,0,0,0,0,0,0,0,0,0,0,0,0,0,0,0,0,0,0,0,0,0,0,0,0,0,0,0,0,0,0,0,0,0,0,0,0,0,0,0,0,0,0,0,0,0,0,0,0,0,0,0,0,0,0,0,0,0,0,0,0,0,0,0,0,0,0,0,0,0,0,0,0,0,0,0,0,0,0,0,0,0,0,0,0,0,0,0,0,0,0,0,0,0,0,0,0,0,0,0,0,0,0,0,0,0,0,0,0,0,0,0,0,0,0,0,0.998478424123299,0.8942792135359094,0.004434836702987737,0.0017765573370255388,0.09737508782720275,0.0012667756917081013,0.00968766024729562,0.039912770477242406,0.006184102232460743,0.026163988685541432,0.0024646108268893503,0.0065116526749776065,0.026056027332944896,I-A,0.998478424123299,I
M401MVAG,8634,41,11,5096,0,0,0,0,2275,2,2,0,666,0,493,40,0,0,0,0,0,0,0,0,0,0,0,0,0,0,0,0,0,0,0,0,0,0,0,0,0,0,0,0,0,0,0,0,0,0,0,0,0,0,0,0,0,0,0,0,0,0,0,0,0,0,0,0,0,0,0,0,0,0,0,0,0,0,0,0,0,0,0,0,0,0,0,0,0,0,0,0,0,0,0,0,0,0,0,0,0,0,0,0,0,0,0,0,0,0,0,0,0,0,0,0,0,0,0,8,0,0,0,0,0,0,0,0,0,0,0,0,0,0,0,0,0,0,0.007813952690450729,0.03180613443373287,0.003912102321644252,0.015378463631470074,0.019166358450222947,0.0008396532806768939,0.007929447810985483,0.03459650164412466,0.0033943057801417314,0.004171604740178649,0.007212488561454359,0.009534896857314505,0.6746219509914314,V,0.6746219509914314,V
M402MVAG,8634,155,39,28,1,7694,0,20,0,624,0,0,33,0,16,0,0,0,0,8,0,0,0,0,0,0,0,0,0,0,0,0,0,0,0,0,0,0,0,0,3,0,0,0,0,0,0,0,0,0,0,0,0,0,0,0,0,0,0,0,0,0,0,0,0,0,0,0,0,0,0,0,0,0,0,0,0,0,0,0,5,0,0,0,0,0,0,0,0,0,0,0,0,0,0,0,0,6,0,0,0,0,0,0,0,0,0,0,0,0,0,0,0,0,0,0,0,0,0,0,0,0,0,0,0,0,0,0,0,0,0,0,0,0,0,2,0,0,0.010219557352349673,0.011459246858791535,0.004994955714698437,0.003393536738523156,0.01400753159099979,0.08271157808926338,0.06654817763834957,0.008904390140917337,0.0019017460826343206,0.0033119162576246775,0.00043871461598291223,0.003977949074185159,0.007507072817954116,IV-A,0.08271157808926338,IV-A
M403MVAG,8634,8221,136,107,0,0,0,0,0,0,0,0,38,7,28,2,95,0,0,0,0,0,0,0,0,0,0,0,0,0,0,0,0,0,0,0,0,0,0,0,0,0,0,0,0,0,0,0,0,0,0,0,0,0,0,0,0,0,0,0,0,0,0,0,0,0,0,0,0,0,0,0,0,0,0,0,0,0,0,0,0,0,0,0,0,0,0,0,0,0,0,0,0,0,0,0,0,0,0,0,0,0,0,0,0,0,0,0,0,0,0,0,0,0,0,0,0,0,0,0,0,0,0,0,0,0,0,0,0,0,0,0,0,0,0,0,0,0,0.9995870081641965,0.9187046517962927,0.005039895621607969,0.010164477032684863,0.10824091718109732,0.0021213067970419805,0.011712859167300254,0.0428327930090183,0.006569211691684025,0.026790387234176642,0.0025278155122013374,0.008509621342233218,0.03517873328279181,I-A,0.9995870081641965,I
M404MVAG,8634,190,8404,16,0,0,0,0,5,0,0,0,19,0,0,0,0,0,0,0,0,0,0,0,0,0,0,0,0,0,0,0,0,0,0,0,0,0,0,0,0,0,0,0,0,0,0,0,0,0,0,0,0,0,0,0,0,0,0,0,0,0,0,0,0,0,0,0,0,0,0,0,0,0,0,0,0,0,0,0,0,0,0,0,0,0,0,0,0,0,0,0,0,0,0,0,0,0,0,0,0,0,0,0,0,0,0,0,0,0,0,0,0,0,0,0,0,0,0,0,0,0,0,0,0,0,0,0,0,0,0,0,0,0,0,0,0,0,0.013945238858866275,0.05469556748019703,0.045827092414545745,0.9937019739952412,0.7964267858962633,0.05188228186839751,0.11168940837683605,0.07379842295808287,0.017450829038405953,0.012096346180799364,0.0009858875113069722,0.11980056919296747,0.23545240343774915,III-A,0.9937019739952412,III
M405MVAG,8634,8353,116,143,0,10,5,0,0,0,0,0,0,0,3,0,0,0,0,0,0,0,0,0,0,0,0,0,0,1,0,0,0,0,0,0,0,0,0,0,0,0,0,0,0,1,0,0,0,0,0,0,0,0,0,0,0,0,0,0,0,0,0,0,0,0,0,0,0,0,0,0,0,0,0,0,0,0,0,0,0,0,0,0,0,0,0,0,0,0,0,0,0,0,0,0,0,0,0,0,0,0,0,0,0,0,0,0,0,0,0,0,0,0,0,0,0,0,0,0,2,0,0,0,0,0,0,0,0,0,0,0,0,0,0,0,0,0,0.9997051928083099,0.911082339454365,0.0049067062308722625,0.008875823166434751,0.10613985429532813,0.002047464448592153,0.011370098484697791,0.042034013532963654,0.006496999739698452,0.02662751049632821,0.0025165168042989502,0.00817214558302041,0.036124096832198034,I-A,0.9997051928083099,I
M406MVAG,8634,8203,3,359,0,0,0,0,0,0,0,0,6,0,7,0,56,0,0,0,0,0,0,0,0,0,0,0,0,0,0,0,0,0,0,0,0,0,0,0,0,0,0,0,0,0,0,0,0,0,0,0,0,0,0,0,0,0,0,0,0,0,0,0,0,0,0,0,0,0,0,0,0,0,0,0,0,0,0,0,0,0,0,0,0,0,0,0,0,0,0,0,0,0,0,0,0,0,0,0,0,0,0,0,0,0,0,0,0,0,0,0,0,0,0,0,0,0,0,0,0,0,0,0,0,0,0,0,0,0,0,0,0,0,0,0,0,0,0.9986819698386464,0.9189261455752706,0.004407628459475523,0.002499619045124353,0.100055099773768,0.0013136284210959993,0.01013386301317638,0.041866009952492844,0.006339294875727434,0.026691865715102566,0.0025484064366939974,0.006912467220454982,0.04511251863747073,I-A,0.9986819698386464,I
M407MVAG,8634,7031,28,1345,100,0,0,0,0,0,0,0,40,0,21,0,0,0,0,0,0,0,0,0,0,0,0,0,0,0,0,0,0,0,0,0,0,0,0,69,0,0,0,0,0,0,0,0,0,0,0,0,0,0,0,0,0,0,0,0,0,0,0,0,0,0,0,0,0,0,0,0,0,0,0,0,0,0,0,0,0,0,0,0,0,0,0,0,0,0,0,0,0,0,0,0,0,0,0,0,0,0,0,0,0,0,0,0,0,0,0,0,0,0,0,0,0,0,0,0,0,0,0,0,0,0,0,0,0,0,0,0,0,0,0,0,0,0,0.9487285541471752,0.9556299669170729,0.0119408288981895,0.00667714464476012,0.10829835614478557,0.001643255518305404,0.011904034718254358,0.048531694639815805,0.006927035337939802,0.027987216553113158,0.00285609193119862,0.008657441846218835,0.11969455092450318,I-B,0.9556299669170729,I
M408MVAG,8634,61,6,2256,4216,0,0,226,178,11,3,344,0,59,1,50,4,0,2,14,0,12,12,908,5,0,0,0,0,5,0,22,10,1,0,6,0,12,0,0,0,0,0,0,0,1,0,37,132,7,0,1,0,0,0,0,0,0,0,0,0,0,0,0,0,5,0,0,0,0,0,0,0,0,0,0,0,2,0,0,20,0,4,0,0,0,0,0,0,0,0,0,0,0,0,0,1,0,0,0,0,0,0,0,0,0,0,0,0,0,0,0,0,0,0,0,0,0,0,0,0,0,0,0,0,0,0,0,0,0,0,0,0,0,0,0,0,0,0.008107560340437869,0.032401475012205916,0.7280551716541731,0.009964670171131357,0.013943758955573614,0.0012709730082071,0.006738917566771251,0.03178719918058713,0.010484666184461632,0.014102342839043784,0.005725072390950466,0.009390729730262408,0.29810465293085503,II,0.7280551716541731,II
M409MVAG,8634,42,19,20,2,0,0,48,2709,42,4527,0,22,0,13,0,0,0,451,0,0,0,11,0,0,0,0,0,0,0,583,0,0,0,0,0,0,0,0,0,0,0,0,145,0,0,0,0,0,0,0,0,0,0,0,0,0,0,0,0,0,0,0,0,0,0,0,0,0,0,0,0,0,0,0,0,0,0,0,0,0,0,0,0,0,0,0,0,0,0,0,0,0,0,0,0,0,0,0,0,0,0,0,0,0,0,0,0,0,0,0,0,0,0,0,0,0,0,0,0,0,0,0,0,0,0,0,0,0,0,0,0,0,0,0,0,0,0,0.0037656326100775172,0.00583693779413387,0.002463235209151428,0.00197958052647227,0.005104473340748873,0.004396605592907584,0.010687318124838415,0.037022987230009866,0.004305163627763864,0.0015882454952373816,0.008160740042932674,0.005471705898365221,0.004848698122085492,IV-C0,0.037022987230009866,IV-C
M410MVAG,8634,7234,88,1191,29,4,0,0,0,0,0,0,0,0,0,3,55,0,0,4,0,2,0,0,4,4,0,0,0,0,0,0,0,0,0,0,0,0,0,14,0,0,0,0,0,0,0,0,0,0,0,0,0,0,0,0,0,0,0,0,0,0,0,0,0,0,2,0,0,0,0,0,0,0,0,0,0,0,0,0,0,0,0,0,0,0,0,0,0,0,0,0,0,0,0,0,0,0,0,0,0,0,0,0,0,0,0,0,0,0,0,0,0,0,0,0,0,0,0,0,0,0,0,0,0,0,0,0,0,0,0,0,0,0,0,0,0,0,0.9628397072896532,0.9554861263893801,0.007306213611966272,0.010337291582368954,0.11206476056550296,0.0020915505903021945,0.012586179113934523,0.04797200847851953,0.006914030700774936,0.027838656713001637,0.0027777723453104174,0.009325488448535419,0.10727624019464302,I-A,0.9628397072896532,I
M411MVAG,8634,8225,51,243,8,2,0,0,3,0,0,0,0,0,0,4,0,0,0,5,0,0,0,0,11,53,0,0,0,20,0,0,0,0,0,0,0,0,0,0,0,0,0,0,0,0,0,0,0,0,0,0,0,0,0,0,0,0,0,0,0,0,0,0,0,0,9,0,0,0,0,0,0,0,0,0,0,0,0,0,0,0,0,0,0,0,0,0,0,0,0,0,0,0,0,0,0,0,0,0,0,0,0,0,0,0,0,0,0,0,0,0,0,0,0,0,0,0,0,0,0,0,0,0,0,0,0,0,0,0,0,0,0,0,0,0,0,0,0.9994789805253498,0.9182506956598644,0.005080940269527705,0.005202127902890389,0.10289583107385823,0.0016180729422903923,0.01069666282041634,0.04217478011727634,0.006427141962600999,0.026724052689913097,0.002546749246917228,0.007473524071031238,0.040160826513480324,I-A,0.9994789805253498,I
M412MVAG,8634,76,8100,13,190,0,0,5,6,0,0,0,115,0,98,4,0,0,0,0,0,0,0,0,0,0,0,0,0,0,0,1,0,0,0,0,0,0,0,0,0,0,0,0,0,0,0,0,0,5,0,0,0,0,0,0,0,0,0,0,0,0,0,7,0,0,2,0,0,0,0,0,1,0,0,0,0,0,11,0,0,0,0,0,0,0,0,0,0,0,0,0,0,0,0,0,0,0,0,0,0,0,0,0,0,0,0,0,0,0,0,0,0,0,0,0,0,0,0,0,0,0,0,0,0,0,0,0,0,0,0,0,0,0,0,0,0,0,0.007207616941037098,0.048603285953679624,0.05845444791853798,0.9970774857309102,0.8134986423285205,0.05331175531256845,0.11486837024808326,0.07631351448790183,0.017825081998506794,0.012212610063734095,0.0010847757690821322,0.12247954959464252,0.2403888009256273,III-A,0.9970774857309102,III
M413MVAG,8634,39,8539,13,1,3,3,1,0,0,2,0,0,0,0,8,0,0,0,0,0,0,0,0,13,5,0,0,0,0,0,0,0,0,0,0,2,0,0,0,0,0,0,0,0,0,0,0,0,0,0,0,0,0,0,0,0,0,0,0,0,0,0,0,0,0,0,0,3,0,0,0,0,0,0,0,0,1,0,0,0,0,0,0,0,0,0,0,0,0,0,0,0,0,0,0,0,0,0,0,0,0,0,0,0,0,0,0,0,0,0,0,0,0,1,0,0,0,0,0,0,0,0,0,0,0,0,0,0,0,0,0,0,0,0,0,0,0,0.004757460497752269,0.04503270590226336,0.045538838603739244,0.9916870980693949,0.7823815925726869,0.051279470593550716,0.11011482400481075,0.07187747415074944,0.017245579964661983,0.011558951236356717,0.0009300990676845464,0.1185252864982422,0.23247391440244278,III-A,0.9916870980693949,III
M414MVAG,8634,59,7,8514,4,0,0,0,0,40,1,0,0,0,0,2,0,0,0,0,0,0,0,0,0,5,0,0,0,0,0,0,0,0,0,0,0,0,0,0,0,0,0,2,0,0,0,0,0,0,0,0,0,0,0,0,0,0,0,0,0,0,0,0,0,0,0,0,0,0,0,0,0,0,0,0,0,0,0,0,0,0,0,0,0,0,0,0,0,0,0,0,0,0,0,0,0,0,0,0,0,0,0,0,0,0,0,0,0,0,0,0,0,0,0,0,0,0,0,0,0,0,0,0,0,0,0,0,0,0,0,0,0,0,0,0,0,0,0.008611924221101389,0.0319033255253256,0.0033382337963770024,0.017112388047696058,0.017449426413012836,0.0009702278684748887,0.004677953843673024,0.006830291276791268,0.0017897715010384767,0.003337304522558641,0.0011838036635132738,0.0059038650460433665,0.6488516532656773,V,0.6488516532656773,V
M415MVAG,8634,7255,51,25,0,0,0,1,852,0,0,2,77,2,62,0,0,0,163,0,0,0,36,3,0,2,0,0,0,0,0,0,3,0,0,0,0,0,0,0,0,0,0,48,0,0,0,0,0,0,0,0,0,0,0,0,0,0,0,0,0,52,0,0,0,0,0,0,0,0,0,0,0,0,0,0,0,0,0,0,0,0,0,0,0,0,0,0,0,0,0,0,0,0,0,0,0,0,0,0,0,0,0,0,0,0,0,0,0,0,0,0,0,0,0,0,0,0,0,0,0,0,0,0,0,0,0,0,0,0,0,0,0,0,0,0,0,0,0.9708357543279442,0.950992211371052,0.005081635957042446,0.005189028642739325,0.10721367666825017,0.0021478802227956006,0.012666342035766703,0.05335194364050536,0.007107422316255648,0.027649944532506087,0.004338899232830742,0.008676110839572256,0.030791346790714897,I-A,0.9708357543279442,I
M416MVAG,8634,54,12,8,8405,1,0,44,3,0,0,13,0,21,0,10,0,0,5,0,0,1,2,0,0,0,0,3,2,0,0,0,9,3,0,0,0,0,0,0,5,0,7,3,0,0,0,1,3,0,0,0,0,0,0,0,0,0,0,0,2,0,0,0,0,0,0,0,0,0,1,0,1,0,0,0,0,0,0,0,0,0,0,0,0,0,0,0,0,0,6,0,0,0,0,9,0,0,0,0,0,0,0,0,0,0,0,0,0,0,0,0,0,0,0,0,0,0,0,0,0,0,0,0,0,0,0,0,0,0,0,0,0,0,0,0,0,0,0.003915736554864367,0.017351741695583754,0.8514453199621372,0.003930585192537997,0.00508495606452803,0.0004549120590588934,0.0026026039419375087,0.01684165078614664,0.010450981845460698,0.013508477496069716,0.005012781850530508,0.005642367152500719,0.025091522313066175,II,0.8514453199621372,II
M417MVAG,8634,33,4370,3989,11,0,0,47,13,0,1,1,2,14,0,45,60,0,0,0,0,0,0,0,4,19,0,0,0,0,0,0,0,0,0,0,0,0,0,0,2,0,0,2,0,0,0,0,0,0,0,0,0,0,0,0,0,0,0,0,0,20,0,0,0,0,0,0,0,0,0,0,0,0,0,0,0,0,0,0,0,0,0,0,0,0,0,0,0,0,0,0,0,0,0,0,0,0,0,0,0,0,0,0,0,0,0,0,0,0,0,0,0,0,0,0,0,0,0,0,0,0,0,0,0,0,0,0,0,0,0,0,0,0,0,0,0,0,0.007643682666011074,0.05702044848523204,0.03907114124315341,0.5757843260111906,0.5834566201841243,0.04769192084816005,0.104911573350499,0.08054167258034735,0.014834925767537,0.011526980978956285,0.0016292064730214575,0.10567902316384527,0.8304490087928991,V,0.8304490087928991,V
M418MVAG,8634,8043,138,315,3,1,0,0,8,1,0,0,1,3,0,1,0,118,0,0,0,0,0,0,0,0,0,0,0,0,0,2,0,0,0,0,0,0,0,0,0,0,0,0,0,0,0,0,0,0,0,0,0,0,0,0,0,0,0,0,0,0,0,0,0,0,0,0,0,0,0,0,0,0,0,0,0,0,0,0,0,0,0,0,0,0,0,0,0,0,0,0,0,0,0,0,0,0,0,0,0,0,0,0,0,0,0,0,0,0,0,0,0,0,0,0,0,0,0,0,0,0,0,0,0,0,0,0,0,0,0,0,0,0,0,0,0,0,0.9979940369095454,0.9301117250395939,0.005359921212036112,0.010918733047203396,0.11000931834153936,0.002217378860232111,0.012087596647779806,0.04396617203169074,0.006673349081778712,0.027063737851305628,0.00259156961936965,0.008833925118169881,0.047054857001236246,I-A,0.9979940369095454,I
M419MVAG,8634,8176,47,166,6,2,0,26,29,1,0,6,0,10,0,11,95,0,6,9,0,1,1,0,0,5,0,7,0,0,0,3,0,0,0,2,0,0,0,0,0,0,0,4,0,0,0,0,4,0,0,3,2,0,0,0,0,0,0,0,0,0,0,0,0,0,0,0,0,0,0,0,0,0,0,0,0,0,0,0,0,0,0,0,10,0,0,1,0,0,0,0,0,0,0,1,0,0,0,0,0,0,0,0,0,0,0,0,0,0,0,0,0,0,0,0,0,0,0,0,0,0,0,0,0,0,0,0,0,0,0,0,0,0,0,0,0,0,0.9995377534443964,0.9204955989285454,0.004951739269025233,0.00482480246930741,0.10278439096512099,0.0016694115707363687,0.010748376948923517,0.04250057302669901,0.006432821364193645,0.02675448773215677,0.002587664791892217,0.007422566774892934,0.0362158112334746,I-A,0.9995377534443964,I
M420MVAG,8634,63,8502,14,7,0,0,9,2,0,0,0,0,5,0,0,0,0,0,0,0,0,0,0,0,0,0,0,0,0,0,0,0,0,0,0,0,0,0,0,0,0,0,0,0,0,0,0,0,0,0,0,0,0,0,0,0,0,0,0,0,0,0,0,0,0,1,0,0,0,0,0,0,0,16,0,0,0,0,0,0,0,0,0,0,0,0,0,14,0,0,0,0,0,0,0,0,0,0,0,0,0,0,0,0,0,0,0,0,0,0,0,0,1,0,0,0,0,0,0,0,0,0,0,0,0,0,0,0,0,0,0,0,0,0,0,0,0,0.006195176485073467,0.04657837041536876,0.045979489083941394,0.9923810012015979,0.7857121994293126,0.05142372432142069,0.1105149524027555,0.07231623440486455,0.01729540792507637,0.011660862222500309,0.0009433006198534896,0.11887016751558649,0.23326446876505752,III-A,0.9923810012015979,III
M421MVAG,8634,57,8018,7,1,5,2,363,4,0,0,0,58,3,44,12,0,0,0,0,0,0,0,0,24,0,0,0,0,0,0,0,0,0,0,0,0,0,0,0,0,0,3,0,0,0,0,0,0,17,0,0,0,0,0,0,0,0,0,0,0,0,0,0,0,0,10,0,0,0,0,0,0,0,0,0,0,0,2,0,0,0,0,0,0,0,0,0,0,0,0,0,0,0,0,0,0,0,0,0,0,0,0,0,0,0,0,0,0,0,0,0,0,0,0,0,0,0,0,0,0,0,0,0,0,0,0,0,4,0,0,0,0,0,0,0,0,0,0.006031584840393188,0.04711353326426256,0.04653613648603649,0.9960366638618131,0.8169119357209197,0.05369247853658537,0.11558441400098697,0.07640642896654742,0.017599174530640322,0.01186188288323917,0.0009605191876176543,0.12289216220657743,0.2400302315080128,III-A,0.9960366638618131,III
M422MVAG,8634,68,9,8497,7,0,0,0,0,22,0,0,0,0,0,3,0,0,0,0,0,0,0,0,0,0,0,0,0,0,0,0,0,0,0,0,0,0,0,0,0,0,0,0,0,0,26,0,0,0,0,2,0,0,0,0,0,0,0,0,0,0,0,0,0,0,0,0,0,0,0,0,0,0,0,0,0,0,0,0,0,0,0,0,0,0,0,0,0,0,0,0,0,0,0,0,0,0,0,0,0,0,0,0,0,0,0,0,0,0,0,0,0,0,0,0,0,0,0,0,0,0,0,0,0,0,0,0,0,0,0,0,0,0,0,0,0,0,0.009167559256695016,0.03249026133029637,0.0034066299743110264,0.017228736734859387,0.01754139406193004,0.0006410497476356497,0.004090981164963254,0.0068566657910821725,0.0017736558534498605,0.003355865496101904,0.0011861776381109463,0.005878109958024041,0.649797679520781,V,0.649797679520781,V
M423MVAG,8632,7109,26,1019,77,0,0,0,35,1,0,50,8,17,7,16,46,0,20,0,0,0,0,0,0,4,0,28,0,0,0,0,0,0,7,6,0,0,0,44,0,0,0,0,0,0,0,0,0,0,6,28,21,0,0,0,0,2,0,0,0,0,0,0,5,0,0,0,0,0,9,0,2,2,0,0,0,0,1,3,0,0,0,0,0,0,0,0,2,8,0,0,0,0,1,1,0,0,0,0,2,0,0,0,0,0,2,2,0,0,0,3,0,0,0,2,0,5,0,0,0,7,0,0,0,0,0,0,0,0,0,0,0,0,0,0,0,0,0.963316522614692,0.9640296342962255,0.010255332065350713,0.005773562536576749,0.10797987694970794,0.0019153150887962806,0.011958561816290887,0.04867187581458305,0.00688666290231469,0.02799066221071369,0.002882645685865475,0.00840896798669485,0.09590068346285546,I-B,0.9640296342962255,I
M424MVAG,8634,8568,8,1,2,1,0,1,0,0,0,0,0,2,0,2,0,39,0,0,0,0,0,0,0,2,0,0,0,0,0,0,0,1,0,0,0,0,0,0,0,0,0,0,0,0,0,0,0,0,0,0,0,0,0,0,0,0,0,1,0,0,0,0,0,0,1,0,0,0,3,0,1,0,0,0,0,0,0,0,0,0,0,0,0,1,0,0,0,0,0,0,0,0,0,0,0,0,0,0,0,0,0,0,0,0,0,0,0,0,0,0,0,0,0,0,0,0,0,0,0,0,0,0,0,0,0,0,0,0,0,0,0,0,0,0,0,0,0.9985705697243061,0.894996392331194,0.0043556629226102735,0.0020622242621400875,0.09773527620923564,0.0013034633902277866,0.009759101131758452,0.04000450395901964,0.00619526385083575,0.02617959056709103,0.002464502465459088,0.006575709919590243,0.026038630601069902,I-A,0.9985705697243061,I
M425MVAG,8631,97,2750,10,0,2524,1079,0,4,134,346,902,58,40,38,1,0,0,117,0,0,0,3,0,0,0,0,41,0,0,0,22,0,0,0,129,0,0,0,0,1,0,0,0,0,0,0,32,0,0,0,9,7,166,0,0,104,0,0,0,0,0,0,0,0,0,0,0,0,0,0,0,0,0,0,0,0,0,0,0,0,0,0,0,0,0,0,0,0,0,0,0,0,0,0,0,0,0,0,16,1,0,0,0,0,0,0,3,0,0,0,0,0,0,0,0,0,0,0,0,0,0,0,0,0,0,0,0,0,0,0,0,0,0,0,0,0,0,0.010971365286272005,0.04012340898323336,0.03363959194987421,0.38486367932256327,0.4801849627968977,0.13316427412521248,0.17771255056184618,0.1079547738077284,0.012844171284978945,0.010058246250836038,0.001043270817911257,0.09755503953419338,0.17132354506530625,III-B,0.4801849627968977,III
M426MVAG,8634,218,6085,1103,158,15,0,0,0,0,0,10,5,110,0,0,67,0,0,180,0,0,8,0,0,0,0,0,0,1,0,0,51,0,0,0,0,15,0,0,0,0,0,43,345,0,0,0,3,0,0,0,11,0,0,0,0,0,125,0,0,34,0,0,0,0,0,0,0,0,0,0,0,0,0,0,0,0,0,0,0,0,0,0,0,0,0,27,0,0,0,0,0,20,0,0,0,0,0,0,0,0,0,0,0,0,0,0,0,0,0,0,0,0,0,0,0,0,0,0,0,0,0,0,0,0,0,0,0,0,0,0,0,0,0,0,0,0,0.02045976398960552,0.06964629704056488,0.06284090831001346,0.9220374696420293,0.9126607870001624,0.06287831892702352,0.13750167963212803,0.1007077974280107,0.01893376957789187,0.014007441569600213,0.0014749485602928189,0.13764082906374012,0.39854775126795844,III-A,0.9220374696420293,III
M427MVAG,8634,75,7914,8,9,0,0,4,0,0,0,40,0,73,0,7,0,0,10,38,0,11,0,0,0,6,0,192,0,0,0,0,7,0,27,9,5,13,0,0,28,0,0,2,0,0,5,5,2,0,71,13,27,0,0,0,0,3,0,0,0,0,0,0,0,6,0,0,0,4,0,0,0,0,0,0,0,0,0,0,0,0,0,0,11,0,0,0,0,0,0,0,0,0,0,0,0,0,0,0,5,0,0,0,0,0,0,0,0,0,0,4,0,0,0,0,0,0,0,0,0,0,0,0,0,0,0,0,0,0,0,0,0,0,0,0,0,0,0.007235153593824763,0.04860984993922612,0.047337908721598924,0.9977577002378886,0.8261430746311409,0.05526100776208982,0.1172248751627589,0.07781362655315875,0.017727795307853705,0.012001369913271904,0.0009875402406693628,0.12399975550507585,0.2422106075325689,III-A,0.9977577002378886,III
M428MVAG,8634,2062,6389,126,5,0,0,1,2,0,0,6,0,0,0,2,19,0,0,0,0,0,0,0,0,0,0,0,0,0,0,0,0,6,1,1,6,0,0,0,0,5,0,3,0,0,0,0,0,0,0,0,0,0,0,0,0,0,0,0,0,0,0,0,0,0,0,0,0,0,0,0,0,0,0,0,0,0,0,0,0,0,0,0,0,0,0,0,0,0,0,0,0,0,0,0,0,0,0,0,0,0,0,0,0,0,0,0,0,0,0,0,0,0,0,0,0,0,0,0,0,0,0,0,0,0,0,0,0,0,0,0,0,0,0,0,0,0,0.18010439819626456,0.2397133017627084,0.048127590775808346,0.8884937213322319,0.9239017585828926,0.05814897548655248,0.1290726039275489,0.10360897234563553,0.019511259851468624,0.020261896209233993,0.0017834903364960623,0.13015540177914917,0.26953934683522396,III-B,0.9239017585828926,III
M429MVAG,8634,7908,419,52,0,3,1,1,2,0,0,2,118,1,73,7,24,0,0,5,0,0,1,0,0,0,0,0,0,0,0,1,1,0,0,0,0,0,0,0,0,0,0,1,0,0,0,0,1,0,0,0,1,0,0,0,0,0,0,0,1,0,0,0,0,0,0,0,2,0,0,0,2,0,0,0,0,0,0,0,0,0,0,0,0,0,0,0,0,0,2,0,0,0,0,1,0,0,0,0,0,0,0,0,0,0,0,0,1,0,0,0,0,0,0,0,0,0,0,0,0,0,0,3,0,0,0,0,0,0,0,0,0,0,0,0,0,0,0.9954164646942633,0.938451313168026,0.0067218417776542146,0.028948272807027588,0.1302795881581379,0.0040858386767160335,0.015926908665049932,0.04715373371122707,0.007271074097485108,0.027522390350700986,0.002598772011700418,0.012888505143796898,0.04053681233903483,I-A,0.9954164646942633,I
M430MVAG,8634,113,7130,1289,5,0,0,0,0,0,0,0,49,0,47,0,0,0,0,0,0,0,0,0,0,0,0,0,0,0,0,0,0,0,1,0,0,0,0,0,0,0,0,0,0,0,0,0,0,0,0,0,0,0,0,0,0,0,0,0,0,0,0,0,0,0,0,0,0,0,0,0,0,0,0,0,0,0,0,0,0,0,0,0,0,0,0,0,0,0,0,0,0,0,0,0,0,0,0,0,0,0,0,0,0,0,0,0,0,0,0,0,0,0,0,0,0,0,0,0,0,0,0,0,0,0,0,0,0,0,0,0,0,0,0,0,0,0,0.011130897548578348,0.057665750687499635,0.04807647737014941,0.9723107858601427,0.8575325457830633,0.05683331493585235,0.12360603267732347,0.08494226668913524,0.018166009252267554,0.012836533399421472,0.0012054257637530866,0.1290549390523451,0.37520789294776846,III-A,0.9723107858601427,III
M431MVAG,8634,8535,29,17,0,0,0,2,6,0,0,2,0,14,0,2,0,0,0,0,0,2,0,0,2,0,0,0,0,0,0,10,0,0,0,0,0,2,0,0,0,0,0,1,0,2,0,0,0,0,0,0,0,0,0,0,0,0,0,0,0,0,0,0,0,0,0,0,0,0,0,0,0,0,0,0,0,0,0,0,0,0,0,0,0,0,0,0,0,0,0,0,0,0,0,0,0,0,0,1,1,0,0,0,0,0,0,0,0,0,0,0,0,0,0,0,0,0,0,0,0,0,0,0,0,1,0,0,0,0,0,3,0,0,2,0,0,0,0.9988892508632257,0.8975560917375022,0.004368868841012622,0.0033268054471124048,0.09925242751705383,0.0014219621847482075,0.010043165481625389,0.04036525242012995,0.006248323628146879,0.026251370193161597,0.002479979179698405,0.00686829061420149,0.027348119219827573,I-A,0.9988892508632257,I
M432MVAG,8634,6851,10,91,27,3,0,21,2,0,1,823,0,248,0,127,24,0,87,51,0,1,8,0,0,0,0,0,0,1,0,1,75,0,88,8,0,7,0,0,0,0,0,2,0,0,0,13,0,4,0,3,11,0,0,0,0,0,0,4,8,0,0,0,0,2,0,0,0,2,1,0,2,0,0,0,0,0,10,3,0,0,0,0,0,2,3,0,0,0,0,0,0,0,0,5,0,0,0,0,0,0,0,1,0,1,0,0,0,0,0,0,0,0,1,0,0,0,0,0,0,0,0,0,0,0,0,0,0,0,1,0,0,0,0,0,0,0,0.9528754629722261,0.96240441335435,0.006706826336104082,0.002544129433964564,0.10554254508383687,0.001989581754522675,0.012159582120583691,0.05031810213999242,0.006722167922708832,0.027701952913281987,0.0027645116613165504,0.00747710083544005,0.03441380318396303,I-B,0.96240441335435,I
M433MVAG,8634,286,185,47,11,8,0,1182,75,4403,5,45,817,62,607,121,0,0,1,32,0,0,0,0,132,117,0,0,0,0,0,0,20,0,32,16,34,0,0,0,0,4,0,0,0,29,297,7,0,0,0,5,0,0,0,0,0,0,0,0,17,0,0,0,6,0,0,0,12,4,0,0,0,0,0,0,13,0,0,0,0,0,0,0,0,0,0,0,0,0,0,0,0,0,0,0,0,0,0,0,0,0,0,0,0,0,0,0,2,0,0,0,0,0,0,0,0,0,0,0,0,0,0,0,0,0,0,0,0,0,0,0,0,0,0,0,0,0,0.027671975498388252,0.041238251505603174,0.059238425425403966,0.022718277492970715,0.10047571431874158,0.27617986523763094,0.6415483355534669,0.05008638363071637,0.016190773152790102,0.011133298682830448,0.002043705372780506,0.042926909841791594,0.07294136307831266,IV-B,0.6415483355534669,IV-B
M434MVAG,8634,7614,37,102,29,3,0,27,0,1,0,53,0,82,0,68,3,164,1,29,2,22,1,3,0,0,0,6,0,5,0,0,10,13,14,7,41,2,0,0,0,43,50,16,0,38,0,4,0,17,0,0,5,0,0,0,0,0,0,0,28,0,0,0,0,19,5,0,1,0,0,38,0,4,0,2,0,0,0,0,0,0,5,0,0,1,0,0,0,0,0,0,14,0,3,0,0,0,0,0,0,0,0,0,0,0,0,0,0,0,0,0,0,0,0,0,0,0,0,0,0,0,0,0,2,0,0,0,0,0,0,0,0,0,0,0,0,0,0.9922662832266329,0.9494030630043064,0.006567088268366589,0.004289312020915041,0.10513074125759118,0.0017433406456414554,0.01129077629464,0.045871640125475115,0.0066884318789144455,0.027352220732105713,0.0026732411881599818,0.0076041006432451255,0.03421878137352743,I-A,0.9922662832266329,I
M435MVAG,8634,49,6379,4,5,2129,0,0,0,12,12,6,10,2,6,0,0,0,0,5,0,0,0,0,0,0,0,0,0,0,0,0,0,0,0,0,0,0,6,0,7,0,0,0,0,0,0,0,0,0,0,0,0,0,0,0,0,0,0,0,0,0,0,0,0,0,0,0,0,0,0,0,0,0,0,0,0,0,0,0,0,0,0,0,2,0,0,0,0,0,0,0,0,0,0,0,0,0,0,0,0,0,0,0,0,0,0,0,0,0,0,0,0,0,0,0,0,0,0,0,0,0,0,0,0,0,0,0,0,0,0,0,0,0,0,0,0,0,0.005883590701396258,0.0465223196620922,0.04657589783155998,0.8813509766713401,0.8219241434726814,0.08238046812561,0.14092109788342863,0.0880321127388146,0.01753708288001732,0.012423649720900523,0.0010338983692492157,0.12703361524841386,0.24332097654936422,III-A,0.8813509766713401,III
M436MVAG,8634,8346,26,28,13,0,0,12,3,0,0,9,2,9,3,8,51,69,4,0,0,0,0,0,0,1,0,5,0,0,0,0,0,0,6,0,0,0,0,33,0,0,0,0,0,0,0,0,0,0,0,1,1,0,0,0,0,0,0,0,0,0,0,0,0,0,0,0,0,0,0,0,0,1,0,0,0,0,0,1,0,0,0,0,0,0,0,0,0,0,0,0,0,0,0,0,0,0,0,0,0,0,0,0,0,0,1,0,0,0,0,0,0,0,0,0,0,1,0,0,0,0,0,0,0,0,0,0,0,0,0,0,0,0,0,0,0,0,0.9996848848580545,0.9089714337515142,0.0051233706287443555,0.0032208485674413995,0.10014600881004082,0.0014596741864539972,0.010196636021485406,0.04124265138518946,0.006311703828793528,0.02648765397938615,0.002506373193411084,0.006938607307552229,0.028205272242627786,I-A,0.9996848848580545,I
M437MVAG,8634,8615,16,1,0,1,1,0,0,0,0,0,0,0,0,0,0,0,0,0,0,0,0,0,0,0,0,0,0,0,0,0,0,0,0,0,0,0,0,0,0,0,0,0,0,0,0,0,0,0,0,0,0,0,0,0,0,0,0,0,0,0,0,0,0,0,0,0,0,0,0,0,0,0,0,0,0,0,0,0,0,0,0,0,0,0,0,0,0,0,0,0,0,0,0,0,0,0,0,0,0,0,0,0,0,0,0,0,0,0,0,0,0,0,0,0,0,0,0,0,0,0,0,0,0,0,0,0,0,0,0,0,0,0,0,0,0,0,0.9981856371854556,0.8922548053754039,0.004278211974760853,0.0025218813057470407,0.09796983215008825,0.001344550513953441,0.009811792011613606,0.03984775577804445,0.006194806174400335,0.026132785673460095,0.0024578003268824304,0.006652134065880458,0.026143707085864346,I-A,0.9981856371854556,I
M438MVAG,8634,102,1089,29,7209,0,0,0,0,0,0,0,117,0,86,0,0,0,0,0,0,0,0,0,0,0,0,0,0,0,0,0,0,0,0,0,0,0,0,0,0,0,0,0,0,0,0,0,0,2,0,0,0,0,0,0,0,0,0,0,0,0,0,0,0,0,0,0,0,0,0,0,0,0,0,0,0,0,0,0,0,0,0,0,0,0,0,0,0,0,0,0,0,0,0,0,0,0,0,0,0,0,0,0,0,0,0,0,0,0,0,0,0,0,0,0,0,0,0,0,0,0,0,0,0,0,0,0,0,0,0,0,0,0,0,0,0,0,0.008050482429772292,0.028279797669423734,0.9268137128136197,0.08416801481203441,0.08063618525917374,0.00857718294534558,0.01960282701734703,0.031184710888737876,0.013465586083025715,0.01594139642598841,0.0053195783279218764,0.023510142820202855,0.06017743441598539,II,0.9268137128136197,II
M439MVAG,8634,38,8587,2,1,0,0,1,0,0,0,0,0,0,0,1,0,0,0,0,0,0,0,0,0,1,0,0,0,0,0,0,0,0,0,0,0,0,0,0,0,0,1,0,0,0,0,0,0,1,0,0,0,0,0,0,0,0,0,1,0,0,0,0,0,0,0,0,0,0,0,0,0,0,0,0,0,0,0,0,0,0,0,0,0,0,0,0,0,0,0,0,0,0,0,0,0,0,0,0,0,0,0,0,0,0,0,0,0,0,0,0,0,0,0,0,0,0,0,0,0,0,0,0,0,0,0,0,0,0,0,0,0,0,0,0,0,0,0.004678107517282054,0.04483752743519046,0.045430562311276894,0.9906472128756202,0.778955270924191,0.051028298733448,0.10958610641349745,0.07145025215910858,0.017204392936745066,0.011525933471649855,0.0009241536922148957,0.11809700726878218,0.2309351949118445,III-A,0.9906472128756202,III
M440MVAG,8634,8006,11,2,42,3,0,105,9,0,5,29,0,113,0,13,30,0,9,40,0,12,2,0,1,2,0,0,0,1,0,47,19,22,1,9,0,10,0,5,0,0,0,2,0,27,0,13,0,0,0,5,7,0,0,0,0,0,0,2,0,0,2,0,3,5,0,0,0,0,3,0,0,0,0,3,4,0,0,1,0,0,0,0,0,3,0,0,0,0,0,0,0,0,2,1,0,0,0,0,0,0,0,1,0,0,0,0,0,0,0,0,0,0,1,1,0,0,0,0,0,0,0,0,0,0,0,0,0,0,0,0,0,0,0,0,0,0,0.9982701343814724,0.9277491809339375,0.006910000997388648,0.002315544142963612,0.1009562788599406,0.0014803526797226658,0.010443966023600301,0.04329671277080843,0.006454111247742816,0.026886298808989843,0.0026097970741227193,0.006930157613453239,0.027179970309862557,I-A,0.9982701343814724,I
M441MVAG,8634,8461,23,8,22,0,0,1,2,0,2,0,0,0,0,1,95,0,0,0,0,2,0,0,2,10,0,0,0,2,0,0,0,0,0,0,0,0,0,0,0,0,0,0,0,0,0,0,0,2,0,0,0,0,0,0,0,0,0,1,0,0,0,0,0,0,0,0,0,0,0,0,0,0,0,0,0,0,0,0,0,0,0,0,0,0,0,0,0,0,0,0,0,0,0,0,0,0,0,0,0,0,0,0,0,0,0,0,0,0,0,0,0,0,0,0,0,0,0,0,0,0,0,0,0,0,0,0,0,0,0,0,0,0,0,0,0,0,0.9992094731960873,0.9018265387332709,0.005552113765535944,0.0029789269044396024,0.09927000894957279,0.0013969934686215663,0.010034636778619004,0.040657325395225714,0.006278151946103929,0.02635765573592954,0.0024922569323515666,0.006832613056727693,0.026953606182250726,I-A,0.9992094731960873,I
M442MVAG,8634,7473,18,1070,0,4,0,0,0,0,0,0,2,0,0,10,0,1,0,0,0,0,0,0,6,39,0,0,0,7,0,0,0,0,0,0,0,0,0,0,0,0,0,0,0,0,0,0,0,2,0,0,0,0,0,0,0,0,0,0,0,0,0,0,0,0,2,0,0,0,0,0,0,0,0,0,0,0,0,0,0,0,0,0,0,0,0,0,0,0,0,0,0,0,0,0,0,0,0,0,0,0,0,0,0,0,0,0,0,0,0,0,0,0,0,0,0,0,0,0,0,0,0,0,0,0,0,0,0,0,0,0,0,0,0,0,0,0,0.9745340981138473,0.9480111783908112,0.004861809454747107,0.005123080957243556,0.10547314950785451,0.0015370302171931287,0.011230979047228692,0.045812345149086234,0.006639601376135586,0.027482488499922894,0.0027116620304097837,0.007971322929654094,0.09334915136606846,I-A,0.9745340981138473,I
M443MVAG,8634,91,5221,3060,60,6,0,0,0,0,0,0,66,0,8,5,108,0,0,0,0,0,0,0,2,0,0,0,0,0,0,0,0,0,0,0,0,0,0,0,0,0,0,0,0,0,0,0,0,1,0,0,0,0,0,0,0,0,0,0,0,0,0,0,0,0,0,0,0,0,0,0,0,0,0,0,0,0,0,0,0,0,0,0,0,0,0,0,0,0,0,0,0,0,0,0,0,0,0,0,0,0,0,0,0,0,0,0,0,0,0,0,0,0,0,0,0,0,0,0,0,0,0,0,0,0,0,0,0,4,0,0,0,2,0,0,0,0,0.011760524084035974,0.0629755628025462,0.049177293475085114,0.7387156285941894,0.7401498434431184,0.05548297506982383,0.12187673405312106,0.09107787572224862,0.01714722421057534,0.012876257526729822,0.0016056004484347366,0.12262135247297787,0.6791263773268118,III-B,0.7401498434431184,III
M444MVAG,8634,8149,14,187,2,0,0,21,0,0,0,14,0,39,0,12,0,0,2,11,0,5,1,0,1,0,0,4,0,0,0,21,10,2,0,4,6,13,0,65,0,0,0,0,0,19,0,0,2,0,0,3,0,0,0,0,0,1,0,0,0,0,2,0,0,0,0,0,7,0,0,0,0,0,0,1,0,3,0,0,0,0,7,0,0,0,0,1,0,0,0,0,0,0,0,0,0,0,0,0,0,0,4,0,0,0,0,0,0,0,0,0,0,0,0,0,0,0,0,0,0,0,0,0,0,0,0,0,0,0,0,0,0,0,0,0,0,1,0.9994372579770384,0.9216789462601264,0.0045605514315950795,0.0028478784121077527,0.10079518218928228,0.0014336903065794834,0.010317274670110007,0.04230274087510591,0.006371091435966796,0.026730231923876305,0.0025508165114393887,0.006987431929396679,0.036581217275073456,I-A,0.9994372579770384,I
M445MVAG,8634,94,4180,4,0,2324,1,5,12,67,456,0,10,0,3,0,0,0,13,0,0,0,724,0,0,1,0,0,679,0,0,0,0,0,0,0,0,0,61,0,0,0,0,0,0,0,0,0,0,0,0,0,0,0,0,0,0,0,0,0,0,0,0,0,0,0,0,0,0,0,0,0,0,0,0,0,0,0,0,0,0,0,0,0,0,0,0,0,0,0,0,0,0,0,0,0,0,0,0,0,0,0,0,0,0,0,0,0,0,0,0,0,0,0,0,0,0,0,0,0,0,0,0,0,0,0,0,0,0,0,0,0,0,0,0,0,0,0,0.010361931720644126,0.04739416907361444,0.042103351238529145,0.6203690417325801,0.709768310259981,0.10803181653092389,0.16696898549356207,0.10812258913538339,0.015992580229457945,0.011956811944460126,0.0010752347916410153,0.12294094941167885,0.22511265341476225,III-B,0.709768310259981,III
M446MVAG,8634,8561,11,14,4,0,0,0,0,0,0,0,0,3,0,3,26,0,0,0,0,2,0,0,0,0,0,0,0,0,0,0,0,0,3,0,0,0,0,0,0,0,0,0,0,0,0,1,0,3,0,0,1,0,0,0,0,0,0,0,0,0,0,0,0,0,0,0,0,0,0,0,0,0,0,0,0,0,0,1,0,0,0,0,0,0,0,0,0,0,0,0,0,0,0,0,0,0,0,0,0,0,0,0,0,0,0,0,0,0,0,0,0,0,1,0,0,0,0,0,0,0,0,0,0,0,0,0,0,0,0,0,0,0,0,0,0,0,0.9986695749624184,0.8956447889791962,0.004483390437815846,0.00226351570106644,0.09798733782884042,0.0013145174343551348,0.009800167984513402,0.04006552917200013,0.006206652759015066,0.02619982242600527,0.002467432292724602,0.006625812072748791,0.026750848378682537,I-A,0.9986695749624184,I
M447MVAG,8634,5725,37,2510,36,0,0,16,4,0,0,10,0,18,0,49,0,0,2,3,10,1,0,0,30,118,0,0,0,0,0,0,0,0,0,3,0,9,0,0,0,3,0,1,0,0,0,0,0,0,0,0,0,0,0,19,0,0,0,0,0,0,0,0,0,1,6,0,0,0,0,0,0,0,0,0,0,22,0,0,0,0,0,0,0,0,0,0,0,0,0,0,1,0,0,0,0,0,0,0,0,0,0,0,0,0,0,0,0,0,0,0,0,0,0,0,0,0,0,0,0,0,0,0,0,0,0,0,0,0,0,0,0,0,0,0,0,0,0.7932614789732041,0.8747204377865427,0.008518258272567622,0.01087138685248117,0.1094334557418112,0.0018424660089810915,0.013193497885539432,0.05325582634853862,0.006953875046017931,0.027313891653010368,0.002976914837900834,0.010217858447852685,0.2538904301156101,I-B,0.8747204377865427,I
M448MVAG,8634,8355,14,112,9,0,0,0,1,1,0,13,0,14,0,4,0,79,0,0,0,0,0,1,0,3,0,0,0,0,0,0,0,0,0,0,3,2,0,0,2,0,0,0,0,0,0,0,0,0,0,9,1,0,0,0,0,0,0,0,0,0,0,0,0,7,0,0,0,0,0,0,0,0,0,0,0,0,0,3,0,1,0,0,0,0,0,0,0,0,0,0,0,0,0,0,0,0,0,0,0,0,0,0,0,0,0,0,0,0,0,0,0,0,0,0,0,0,0,0,0,0,0,0,0,0,0,0,0,0,0,0,0,0,0,0,0,0,0.9997195234482171,0.9090585612829056,0.004870215122268506,0.002660676872969538,0.09951623573197958,0.001397972282013956,0.010106385484180922,0.04115566125879897,0.006297891440878853,0.026484906216168697,0.0025116916179916396,0.006835457376347175,0.03210999151432053,I-A,0.9997195234482171,I
M450MVAG,8634,76,8032,9,0,346,0,10,8,0,3,0,57,3,47,12,0,0,0,9,0,2,0,3,1,10,0,0,0,0,0,0,0,0,0,0,0,0,0,0,0,0,0,1,0,0,0,0,0,0,0,0,0,0,0,0,0,0,0,0,0,0,0,0,0,0,0,0,0,0,0,0,0,0,0,0,0,2,0,0,0,0,0,0,0,0,0,0,0,0,0,0,0,0,0,0,0,0,0,0,0,0,0,0,0,2,0,0,0,0,0,0,0,0,1,0,0,0,0,0,0,0,0,0,0,0,0,0,0,0,0,0,0,0,0,0,0,0,0.007225156312619822,0.048371568662847884,0.04647045764924558,0.9962051235894417,0.8174155182829834,0.05647998836029857,0.11733141346898648,0.07668485081624854,0.017626654624837576,0.012003701897585504,0.0009833019367262207,0.12284029364753338,0.24010099908029797,III-A,0.9962051235894417,III
M451MVAG,8634,84,8545,0,0,3,0,0,0,0,0,0,0,0,0,0,0,2,0,0,0,0,0,0,0,0,0,0,0,0,0,0,0,0,0,0,0,0,0,0,0,0,0,0,0,0,0,0,0,0,0,0,0,0,0,0,0,0,0,0,0,0,0,0,0,0,0,0,0,0,0,0,0,0,0,0,0,0,0,0,0,0,0,0,0,0,0,0,0,0,0,0,0,0,0,0,0,0,0,0,0,0,0,0,0,0,0,0,0,0,0,0,0,0,0,0,0,0,0,0,0,0,0,0,0,0,0,0,0,0,0,0,0,0,0,0,0,0,0.0074108967676677585,0.047694087802251296,0.04548202944215986,0.9914261087074338,0.783295596969308,0.05124799206270551,0.11009287674323734,0.07202686874013665,0.017266895431567716,0.011686039345064644,0.0009383262589661641,0.11849423495317818,0.23165142690633805,III-A,0.9914261087074338,III
M452MVAG,8634,8490,49,17,0,0,0,1,0,0,0,1,0,2,0,0,66,0,0,0,0,0,0,0,0,1,0,0,0,0,0,0,0,3,0,0,0,0,0,0,0,0,0,1,0,0,0,0,0,0,0,0,0,0,0,0,0,0,0,0,0,0,0,0,0,0,0,0,0,0,0,0,0,0,0,3,0,0,0,0,0,0,0,0,0,0,0,0,0,0,0,0,0,0,0,0,0,0,0,0,0,0,0,0,0,0,0,0,0,0,0,0,0,0,0,0,0,0,0,0,0,0,0,0,0,0,0,0,0,0,0,0,0,0,0,0,0,0,0.999134443983699,0.9005548813949295,0.004483630695916598,0.004519842951096158,0.10075185114840998,0.0015441379048728113,0.01032140345148857,0.04073587625802671,0.006301943440449528,0.026329119369267944,0.002480694472685642,0.0071409188660155175,0.0278936868994264,I-A,0.999134443983699,I
M453MVAG,8634,8334,66,7,9,0,0,0,5,0,0,19,3,12,0,11,21,68,3,0,0,0,0,0,1,19,0,13,0,0,0,2,1,0,7,3,0,1,0,0,0,0,0,1,0,0,0,0,0,0,2,6,3,3,0,0,0,0,0,3,3,0,0,0,0,1,0,0,0,1,1,4,0,0,0,0,0,0,0,0,0,1,0,0,0,0,0,0,0,0,0,0,0,0,0,0,0,0,0,0,0,0,0,0,0,0,0,0,0,0,0,0,0,0,0,0,0,0,0,0,0,0,0,0,0,0,0,0,0,0,0,0,0,0,0,0,0,0,0.9996940078859408,0.9101089076954858,0.005110932667796203,0.005592157464833578,0.10273749197344278,0.001743768894757734,0.010711406652293809,0.041653414316314794,0.0063895119640820786,0.02654475563615368,0.0025110553130482205,0.007452076028737318,0.02811477498452372,I-A,0.9996940078859408,I
M454MVAG,8634,7362,1068,32,0,10,1,0,0,0,0,7,9,6,16,2,6,89,0,0,0,0,1,0,0,4,0,0,0,0,0,2,0,0,0,0,0,5,0,0,0,0,1,0,0,1,0,1,0,0,0,0,5,0,0,0,0,0,0,0,0,0,0,0,0,0,3,0,0,0,0,0,0,0,0,0,0,0,0,0,0,0,0,0,0,0,0,0,0,1,0,0,0,0,1,0,0,0,0,0,0,0,0,0,0,0,0,0,0,0,0,0,0,0,0,0,1,0,0,0,0,0,0,0,0,0,0,0,0,0,0,0,0,0,0,0,0,0,0.9697673861104501,0.9602377897348843,0.010983366214640215,0.07906686764736136,0.1885302690270424,0.00924407268673892,0.026885353475573037,0.05717584434279509,0.008945644412786485,0.028869652163472297,0.002689992965468219,0.02372802790756208,0.060213323935571765,I-A,0.9697673861104501,I
M455MVAG,8634,7769,153,449,15,0,0,0,0,0,0,32,7,4,8,8,50,0,0,0,0,0,2,0,3,14,0,3,0,1,0,1,0,0,28,1,4,12,0,0,0,0,0,0,0,17,0,0,0,0,0,16,1,0,0,0,0,0,0,0,0,0,0,0,4,2,0,0,5,0,0,6,0,7,0,0,0,0,0,0,0,1,0,0,0,0,0,0,0,10,0,0,0,0,0,0,0,0,0,0,0,0,0,0,0,0,0,0,1,0,0,0,0,0,0,0,0,0,0,0,0,0,0,0,0,0,0,0,0,0,0,0,0,0,0,0,0,0,0.9936811113531054,0.9454346765604359,0.006328158151821591,0.012524983558439,0.11319564170910885,0.0024268038493416785,0.012693786523164765,0.04573946354650309,0.006828682543343521,0.02743558411139852,0.002641146490218397,0.009379742326096618,0.05671154893549472,I-A,0.9936811113531054,I
M456MVAG,8634,8573,37,0,0,0,0,0,0,0,0,0,1,0,0,2,11,0,0,1,0,0,0,0,5,1,0,0,0,0,0,0,0,0,0,0,0,0,0,0,2,0,0,0,0,0,0,0,0,0,0,0,0,0,0,0,0,0,0,0,0,0,0,0,0,0,0,0,0,0,0,0,0,0,0,0,0,0,0,1,0,0,0,0,0,0,0,0,0,0,0,0,0,0,0,0,0,0,0,0,0,0,0,0,0,0,0,0,0,0,0,0,0,0,0,0,0,0,0,0,0,0,0,0,0,0,0,0,0,0,0,0,0,0,0,0,0,0,0.9985604532163692,0.8951620666635323,0.004393481219543388,0.0037524251394556404,0.09949090018942526,0.0014604072336953497,0.010089090882442628,0.04020909404938643,0.006247586255605227,0.026210002932189634,0.0024645315212992714,0.0069332302735254535,0.026644485854919717,I-A,0.9985604532163692,I
M457MVAG,8634,8591,7,5,5,0,0,0,2,0,0,5,0,0,0,1,4,0,0,2,0,0,0,0,0,0,0,0,0,1,0,4,0,0,0,4,0,0,0,0,0,0,0,2,0,0,0,0,0,0,0,0,1,0,0,0,0,0,0,0,0,0,0,0,0,0,0,0,0,0,0,0,0,0,0,0,0,0,0,0,0,0,0,0,0,0,0,0,0,0,0,0,0,0,0,0,0,0,0,0,0,0,0,0,0,0,0,0,0,0,0,0,0,0,0,0,0,0,0,0,0,0,0,0,0,0,0,0,0,0,0,0,0,0,0,0,0,0,0.9984054483489667,0.8936563811490151,0.0045075391534447895,0.002011081505535503,0.09756152710579469,0.0012889933646538319,0.009728636187981496,0.03990590340966477,0.00619119612136789,0.026158252208469183,0.0024662455592429733,0.006558588730860749,0.02618169026370156,I-A,0.9984054483489667,I
M458MVAG,8634,6759,818,9,11,533,4,16,47,12,2,27,42,13,27,9,0,0,0,2,0,0,0,0,0,0,0,262,0,0,0,0,0,0,3,3,0,16,0,7,0,0,0,0,0,0,0,0,0,0,0,6,0,0,0,0,0,0,0,0,0,0,0,0,0,0,0,0,1,0,0,0,0,0,0,0,0,0,0,0,0,2,0,0,0,0,0,0,0,0,0,0,0,0,0,0,0,0,0,0,0,0,0,0,0,2,0,0,1,0,0,0,0,0,0,0,0,0,0,0,0,0,0,0,0,0,0,0,0,0,0,0,0,0,0,0,0,0,0.9449035837286773,0.9770339509289901,0.010981647574575999,0.06480668828344807,0.17836272284305135,0.015581618521494858,0.029757754865921707,0.06078875484995276,0.008761237483806611,0.02927910962745523,0.002849035673110832,0.02185165725081557,0.0553128449233318,I-B,0.9770339509289901,I
M459MVAG,8634,72,8149,2,378,8,0,0,0,0,0,0,3,0,1,5,0,0,0,0,0,0,0,0,16,0,0,0,0,0,0,0,0,0,0,0,0,0,0,0,0,0,0,0,0,0,0,0,0,0,0,0,0,0,0,0,0,0,0,0,0,0,0,0,0,0,0,0,0,0,0,0,0,0,0,0,0,0,0,0,0,0,0,0,0,0,0,0,0,0,0,0,0,0,0,0,0,0,0,0,0,0,0,0,0,0,0,0,0,0,0,0,0,0,0,0,0,0,0,0,0,0,0,0,0,0,0,0,0,0,0,0,0,0,0,0,0,0,0.006935419150342184,0.04850542575661634,0.07032394147525473,0.9955758756180519,0.8089140307097562,0.0530847104461113,0.11427972473030032,0.07613852690378987,0.018013938013086116,0.012471337216499432,0.001183500485113649,0.122054590001605,0.23932175459451988,III-A,0.9955758756180519,III
M460MVAG,8634,66,8203,0,48,2,0,64,21,0,0,0,0,7,0,25,0,117,7,5,0,0,0,0,0,8,0,0,0,7,0,0,2,0,0,1,10,0,0,0,20,0,0,1,0,0,0,2,4,0,0,1,0,0,0,0,0,0,0,5,1,0,0,0,0,0,0,0,0,0,0,0,1,0,0,0,0,0,0,0,3,0,0,0,0,0,0,0,0,0,0,0,0,0,0,0,0,0,0,0,0,0,0,0,0,0,0,0,2,0,0,0,0,0,0,0,0,0,0,0,0,0,0,0,0,0,1,0,0,0,0,0,0,0,0,0,0,0,0.006515157560094474,0.04744994806961735,0.04916838120864858,0.9964192304813893,0.8063440416242301,0.05286585745070231,0.1137667556706048,0.07521146920548433,0.017586831609988026,0.011893971235129218,0.0010265341392999994,0.1215171986592046,0.2372077111316741,III-A,0.9964192304813893,III
M461MVAG,8634,7630,238,611,11,0,0,44,3,0,0,4,3,6,4,13,10,0,0,5,0,2,0,0,0,6,0,0,0,2,0,0,0,0,0,0,0,5,0,18,9,0,0,0,0,0,0,2,0,1,0,0,0,0,0,0,0,0,0,0,2,0,0,0,0,0,0,0,0,0,0,0,0,0,0,0,0,3,0,0,0,0,0,0,0,0,0,0,0,0,2,0,0,0,0,0,0,0,0,0,0,0,0,0,0,0,0,0,0,0,0,0,0,0,0,0,0,0,0,0,0,0,0,0,0,0,0,0,0,0,0,0,0,0,0,0,0,0,0.9884812294379377,0.9526559098346024,0.006687491764157842,0.01877676638481674,0.12064479658062419,0.0030065230043877598,0.014115564819042315,0.0473925703733343,0.0070763500611519745,0.027721178264678365,0.002683542697974342,0.010877628090819828,0.06985405087579781,I-A,0.9884812294379377,I
M462MVAG,8634,67,31,0,7,3608,3869,1,0,283,640,4,0,0,0,10,0,0,31,1,0,1,0,0,0,0,1,0,0,0,0,0,0,0,0,0,0,0,73,0,0,0,0,0,0,0,0,0,0,0,0,0,0,0,0,0,0,0,0,0,0,0,0,0,0,0,0,0,0,0,0,0,0,0,0,0,0,0,0,0,0,0,0,0,0,0,0,0,0,0,0,0,0,0,0,0,0,0,0,0,0,0,0,0,0,0,0,0,0,0,0,0,0,0,0,0,0,0,0,0,0,0,0,0,2,5,0,0,0,0,0,0,0,0,0,0,0,0,0.005812947413181785,0.007387896942054556,0.004410359964757165,0.003234968046534758,0.011559144074092554,0.08809555877072443,0.07032581641624296,0.010994440249568473,0.0016020478711912898,0.0023705618658296183,0.00033036677562619317,0.0035912815640329497,0.004856378243967729,IV-A,0.08809555877072443,IV-A
M463MVAG,8634,7935,16,118,5,0,0,0,40,0,0,56,0,19,0,4,48,0,13,25,0,10,2,0,0,0,0,1,0,0,0,0,4,1,225,0,16,17,0,0,0,0,1,0,0,5,0,0,0,0,0,12,12,0,0,0,0,0,0,2,2,0,1,0,13,1,1,0,4,0,0,0,0,5,0,0,0,0,0,0,0,1,8,0,0,0,0,0,0,0,0,0,0,3,0,0,2,0,0,0,0,0,0,0,0,0,0,0,0,0,0,3,0,0,0,0,0,3,0,0,0,0,0,0,0,0,0,0,0,0,0,0,0,0,0,0,0,0,0.9972878912065865,0.9323967263580231,0.004835328839783059,0.0028659218109199852,0.10189997079538701,0.0015047026285442083,0.010589836073561048,0.04378832640235805,0.0064595920411693614,0.02694999559744253,0.002654509657086626,0.007113502658532716,0.03359471599424585,I-A,0.9972878912065865,I
M464MVAG,8634,44,8584,1,1,0,0,2,0,0,0,0,0,1,0,0,0,0,0,0,0,0,0,0,1,0,0,0,0,0,0,0,0,0,0,0,0,0,0,0,0,0,0,0,0,0,0,0,0,0,0,0,0,0,0,0,0,0,0,0,0,0,0,0,0,0,0,0,0,0,0,0,0,0,0,0,0,0,0,0,0,0,0,0,0,0,0,0,0,0,0,0,0,0,0,0,0,0,0,0,0,0,0,0,0,0,0,0,0,0,0,0,0,0,0,0,0,0,0,0,0,0,0,0,0,0,0,0,0,0,0,0,0,0,0,0,0,0,0.005030944417101387,0.045199973707505406,0.045439493363966924,0.9906985414619586,0.7793463803004893,0.051042717359205333,0.10962437702347375,0.071504196959438,0.01721068860319975,0.011545284086842415,0.0009258178737249295,0.11812704638729762,0.2309391480085928,III-A,0.9906985414619586,III
M465MVAG,8634,6387,104,34,5,0,0,0,13,0,0,49,0,28,424,84,126,0,5,39,824,28,0,0,37,18,0,23,0,0,0,4,2,33,0,4,14,13,0,0,0,0,0,0,0,0,0,0,0,0,33,4,5,0,0,151,0,7,0,0,14,0,2,0,8,0,30,0,0,2,2,0,8,8,12,0,0,0,0,8,0,3,0,0,0,0,0,0,9,2,0,0,0,0,1,0,2,0,0,0,0,0,0,0,0,1,8,0,0,0,0,0,0,4,0,6,0,0,0,0,0,0,0,0,0,0,1,3,0,0,0,0,2,0,0,0,0,0,0.9218427330921134,0.9668966283062234,0.005739762864612733,0.00963835363424116,0.1152051099738989,0.0026553331484846236,0.013737003443857662,0.05427784379788872,0.007178957002865791,0.03012022314330469,0.0027733697108320125,0.01025459138703257,0.03441044547499345,I-B,0.9668966283062234,I
M466MVAG,8634,8054,72,38,6,2,0,0,0,0,3,4,0,16,2,1,56,314,4,14,0,0,0,0,0,0,0,1,0,1,0,2,4,4,6,0,0,2,0,2,0,0,0,4,0,0,0,0,3,0,0,0,3,0,0,0,0,1,0,1,0,0,0,0,0,4,0,0,0,0,0,0,0,1,0,3,0,0,0,0,0,1,0,0,0,0,0,0,0,2,0,0,0,0,0,2,0,0,0,0,0,0,0,0,1,0,0,0,0,0,0,0,0,0,0,0,0,0,0,0,0,0,0,0,0,0,0,0,0,0,0,0,0,0,0,0,0,0,0.9976445260355307,0.9250878777777727,0.005070622716247305,0.006175266934540427,0.10477222815688218,0.001796233383213685,0.011080268604745895,0.04309592607320814,0.0064796562147571,0.026847865712376,0.002540020824343909,0.0077127765799403355,0.030381431832193623,I-A,0.9976445260355307,I
M467MVAG,8634,139,20,5,2663,4213,0,156,0,486,202,2,1,13,0,85,0,0,1,10,0,0,2,0,42,12,0,0,0,513,0,0,0,0,4,1,0,6,5,0,1,0,0,17,0,0,0,0,0,0,0,1,2,0,0,0,0,0,0,30,0,0,0,0,0,0,0,0,0,0,0,0,0,0,0,0,0,0,0,0,0,0,0,0,0,0,0,0,0,0,0,0,0,0,0,0,0,0,0,0,0,0,0,0,0,0,0,0,0,0,0,0,0,0,0,0,0,0,0,0,0,0,0,0,0,0,2,0,0,0,0,0,0,0,0,0,0,0,0.012812428954012639,0.02292338220765925,0.35877177540245,0.004133638307359121,0.01770231460548335,0.09578262242330783,0.0859362021107827,0.026141525878693648,0.007905077049574395,0.010866660219639761,0.0032495309437889754,0.008356893082275343,0.02235575513744406,II,0.35877177540245,II
M468MVAG,8632,6819,1212,205,75,0,0,2,6,145,0,8,17,28,7,5,30,0,16,0,0,0,0,0,0,0,0,13,0,0,0,4,4,2,5,2,0,0,0,0,0,2,0,0,0,5,0,0,0,0,0,0,10,0,0,0,2,0,0,0,0,0,0,0,0,0,0,0,3,0,0,1,0,0,0,1,0,0,0,2,0,0,0,0,0,0,0,0,0,0,0,0,0,0,0,0,0,0,0,0,0,0,0,0,0,0,0,2,0,0,0,0,0,0,0,0,1,0,0,0,0,0,0,0,0,0,0,0,0,0,0,0,0,0,0,0,0,0,0.9412787331382636,0.9777680596221965,0.019331556446590237,0.0975696381057292,0.21624263469902416,0.015555183063005561,0.0396675830437566,0.06494013845362627,0.010123673571527296,0.030001774472901557,0.0028943584082401622,0.029307561099817657,0.08289663457993521,I-B,0.9777680596221965,I
M470MVAG,8632,2664,49,1170,1316,16,17,0,43,5,2,355,4,891,8,200,0,0,83,356,0,51,62,0,0,0,3,20,3,0,0,80,91,108,18,70,56,59,2,0,0,0,223,0,0,135,0,71,68,4,20,47,13,0,0,0,0,19,0,6,3,0,54,6,6,18,0,0,0,7,20,0,2,8,27,11,4,0,2,0,0,0,0,0,0,0,0,0,2,2,3,0,0,0,7,0,2,7,0,0,0,3,0,12,10,0,0,2,0,0,0,0,0,5,0,0,0,0,3,0,0,0,0,0,0,0,0,0,0,0,0,0,0,0,0,0,0,0,0.3839729157592523,0.5207733732222178,0.20961081599034415,0.011435559530306548,0.09073163374920325,0.0055692040061353565,0.02016363704578063,0.10561468139745665,0.00986699212054062,0.025508891726454933,0.004874013516686233,0.013097908322634298,0.21421919153927296,I-B,0.5207733732222178,I
M471MVAG,8634,7586,17,46,6,0,0,0,10,0,0,9,5,14,0,286,130,65,2,5,0,27,0,0,242,75,0,0,0,38,0,2,0,16,0,2,11,0,0,0,0,0,0,18,0,0,0,0,0,0,0,0,0,0,0,0,0,0,0,0,4,0,0,0,0,0,0,0,0,2,0,0,0,0,0,0,1,8,0,0,0,0,0,0,0,0,0,0,0,0,0,0,0,0,0,0,0,0,0,0,0,0,0,0,0,2,0,0,0,0,0,0,0,0,1,0,0,0,0,0,0,0,0,0,2,0,0,2,0,0,0,0,0,0,0,0,0,0,0.9897987789330247,0.9472030358162681,0.004921896003148892,0.0028292506159278007,0.10343661716800068,0.0014981362291068407,0.010835987903650212,0.04533954279880345,0.006527142314606145,0.02723805802810955,0.002637192254006957,0.007226157936656683,0.03033928022336866,I-A,0.9897987789330247,I
M472MVAG,8634,4530,239,6,4,0,0,0,0,0,0,401,0,667,0,276,0,32,17,107,0,752,8,0,0,0,0,59,0,0,0,30,163,234,0,88,161,87,0,0,0,28,0,0,0,3,0,36,15,16,65,11,38,0,174,0,0,87,0,14,10,0,9,13,0,7,8,0,0,20,9,0,33,16,0,0,18,0,6,12,0,18,0,0,0,12,18,0,0,0,0,0,0,0,6,0,13,0,18,0,4,12,9,0,0,4,1,0,0,0,0,0,0,0,0,0,1,0,0,0,0,0,5,0,0,0,0,0,0,0,3,0,0,0,0,0,1,0,0.7077713608651615,0.8648590087556111,0.00846745916452186,0.024539395696165395,0.13499204213818772,0.006977369805440166,0.023212337187907973,0.08863118476275364,0.008522444902752682,0.027441438315667085,0.0036346821967908715,0.015025038754949887,0.04156868448567093,I-B,0.8648590087556111,I
M473MVAG,8634,8344,44,87,14,2,0,2,0,0,1,4,5,11,4,17,3,0,1,0,0,0,0,0,2,0,0,1,0,12,0,8,2,0,3,0,0,0,0,0,0,1,0,0,0,0,0,0,0,0,0,0,0,0,0,0,0,1,0,0,0,0,2,52,0,0,0,0,0,0,0,0,0,0,0,0,0,0,9,0,0,0,0,0,0,0,0,0,0,0,1,0,0,0,0,1,0,0,0,0,0,0,0,0,0,0,0,0,0,0,0,0,0,0,0,0,0,0,0,0,0,0,0,0,0,0,0,0,0,0,0,0,0,0,0,0,0,0,0.9998113218175845,0.9100723589058858,0.005293463106772704,0.004419375845842704,0.10144468280890517,0.0015626821039563272,0.01044443662815001,0.04145235505905265,0.006361534372409876,0.02653978722162528,0.002512909361314742,0.0072126072866082885,0.03160960744258747,I-A,0.9998113218175845,I
M474MVAG,8634,44,8227,203,0,4,0,0,1,1,2,0,46,2,44,0,57,0,0,0,0,0,0,0,1,0,0,0,0,0,0,0,0,0,0,1,0,0,0,0,0,0,0,0,0,0,0,0,0,0,0,0,0,0,0,0,0,0,0,0,0,0,0,0,0,0,0,0,0,0,0,1,0,0,0,0,0,0,0,0,0,0,0,0,0,0,0,0,0,0,0,0,0,0,0,0,0,0,0,0,0,0,0,0,0,0,0,0,0,0,0,0,0,0,0,0,0,0,0,0,0,0,0,0,0,0,0,0,0,0,0,0,0,0,0,0,0,0,0.005270662416253598,0.046630765065003806,0.04617693643575512,0.9972938864474951,0.8047113986276379,0.052748994300417136,0.11352401509524067,0.07469795844694924,0.01750193271139221,0.01180154486971464,0.0009704333720516791,0.12135302615590987,0.25165129635432265,III-A,0.9972938864474951,III
M475MVAG,8634,7763,86,3,278,5,2,2,0,1,0,4,17,8,12,49,0,194,1,3,0,0,0,0,2,0,0,0,0,8,0,3,3,1,2,1,0,0,0,105,4,0,0,6,0,0,0,0,0,38,0,0,0,0,0,0,0,0,0,29,3,0,0,0,0,0,0,0,0,0,0,0,0,0,0,0,0,0,0,0,0,0,0,0,0,0,0,0,0,0,0,0,0,0,0,0,0,0,0,0,0,0,0,0,0,0,0,0,0,0,0,0,0,0,1,0,0,0,0,0,0,0,0,0,0,0,0,0,0,0,0,0,0,0,0,0,0,0,0.9938649793576719,0.9418292153029945,0.022191335617145574,0.0073094645297044816,0.10756430365830798,0.0020063723969703444,0.011721344172607005,0.04535119401250722,0.006951199406657556,0.027654658778508787,0.002740548707717632,0.008278635152879061,0.030364770389811908,I-A,0.9938649793576719,I
M476MVAG,8634,43,7773,4,723,0,0,2,0,0,0,0,0,21,6,7,0,0,0,9,0,1,0,0,0,0,0,0,0,0,0,2,0,5,0,1,0,1,0,0,0,0,3,2,0,0,0,2,3,0,0,0,0,0,0,0,0,0,0,17,0,0,0,0,0,1,0,0,0,0,6,0,0,0,0,0,0,0,0,0,0,0,0,0,0,0,0,0,0,0,0,0,0,0,2,0,0,0,0,0,0,0,0,0,0,0,0,0,0,0,0,0,0,0,0,0,0,0,0,0,0,0,0,0,0,0,0,0,0,0,0,0,0,0,0,0,0,0,0.005273954262103953,0.04787384812578855,0.0968225670731948,0.991243582063895,0.8277454273017121,0.054601031273789284,0.11791621550750728,0.08004887352501228,0.018685840904210996,0.01315452209213142,0.0014311982439617296,0.12503236177717292,0.24573886061179936,III-A,0.991243582063895,III
M477MVAG,8634,8190,248,54,0,0,0,6,10,0,0,0,0,2,0,2,9,93,0,1,0,0,0,0,0,0,0,0,0,0,0,0,0,0,0,4,0,0,0,0,2,0,0,0,0,2,0,0,0,0,0,0,0,0,0,0,0,0,0,3,0,0,0,0,0,0,0,0,0,0,1,0,3,0,0,0,0,0,0,0,0,0,0,0,0,0,0,0,1,0,0,0,0,0,0,0,0,0,2,0,0,0,0,1,0,0,0,0,0,0,0,0,0,0,0,0,0,0,0,0,0,0,0,0,0,0,0,0,0,0,0,0,0,0,0,0,0,0,0.999055375702703,0.9214105898335192,0.00564162266686827,0.01709794687782468,0.11582669806837873,0.0028192298107222306,0.013165376511961244,0.04401661677845025,0.00680779510155384,0.026963752170721878,0.002552703221526668,0.010010019851495688,0.03529801915835943,I-A,0.999055375702703,I
M478MVAG,8634,71,3223,4,0,1676,2844,14,0,1,8,0,0,18,2,0,0,0,1,0,0,0,6,0,0,0,751,0,0,0,0,0,0,0,0,0,0,0,8,0,0,0,0,0,0,0,0,0,0,0,0,0,0,0,0,0,0,0,0,0,0,5,0,0,0,0,0,0,0,0,0,2,0,0,0,0,0,0,0,0,0,0,0,0,0,0,0,0,0,0,0,0,0,0,0,0,0,0,0,0,0,0,0,0,0,0,0,0,0,0,0,0,0,0,0,0,0,0,0,0,0,0,0,0,0,0,0,0,0,0,0,0,0,0,0,0,0,0,0.008026340998627488,0.03728063042289522,0.033060614780513295,0.4348150652709322,0.5004362670980151,0.10002001558918591,0.14200068161776663,0.09048840115166683,0.012749691697258104,0.009441204932256921,0.0008032345190078484,0.09729722072451821,0.1733779649878566,III-B,0.5004362670980151,III
M479MVAG,8634,5162,153,77,18,0,0,0,829,0,0,752,156,264,93,64,28,0,186,175,73,2,15,0,0,2,0,3,2,0,0,89,20,0,4,41,17,40,0,0,0,195,0,0,0,3,0,8,0,0,0,13,5,0,0,0,0,0,2,0,0,0,14,2,40,7,0,0,34,8,0,0,0,0,0,3,2,0,0,0,2,6,0,0,0,3,0,0,0,3,1,0,0,0,0,0,0,7,0,0,0,0,0,0,0,0,0,0,0,0,0,0,5,0,0,0,6,0,0,0,0,0,0,0,0,0,0,0,0,0,0,0,0,0,0,0,0,0,0.7927978624925948,0.9203492563292821,0.008255379471837378,0.015363421779040558,0.1238827991035805,0.004508244402466457,0.01945842472645867,0.0778768755798208,0.00816443376083522,0.02840743227260162,0.005173173117516456,0.012851692872753182,0.04300588053087193,I-B,0.9203492563292821,I
M480MVAG,8634,55,8573,0,0,0,0,0,1,0,0,0,2,0,2,0,0,0,0,0,0,0,0,0,1,0,0,0,0,0,0,0,0,0,0,0,0,0,0,0,0,0,0,0,0,0,0,0,0,0,0,0,0,0,0,0,0,0,0,0,0,0,0,0,0,0,0,0,0,0,0,0,0,0,0,0,0,0,0,0,0,0,0,0,0,0,0,0,0,0,0,0,0,0,0,0,0,0,0,0,0,0,0,0,0,0,0,0,0,0,0,0,0,0,0,0,0,0,0,0,0,0,0,0,0,0,0,0,0,0,0,0,0,0,0,0,0,0,0.005681769169830043,0.04587904973752004,0.04540983453647922,0.9909060040435775,0.780447680423817,0.05109443764062654,0.10975270117397741,0.07165283886440463,0.017225775728314036,0.011582699994621188,0.0009303345277136862,0.11823049920666574,0.23108741154103574,III-A,0.9909060040435775,III
M481MVAG,8634,78,8448,0,10,0,0,4,0,0,0,2,45,0,31,2,0,0,0,0,0,0,0,0,0,0,0,0,0,0,0,0,0,0,0,0,0,0,0,0,1,0,2,0,0,0,0,4,0,0,0,0,0,0,0,0,0,0,0,0,0,0,0,0,0,0,0,0,0,0,0,0,0,0,0,0,0,0,0,0,0,0,0,0,3,0,0,0,0,0,4,0,0,0,0,0,0,0,0,0,0,0,0,0,0,0,0,0,0,0,0,0,0,0,0,0,0,0,0,0,0,0,0,0,0,0,0,0,0,0,0,0,0,0,0,0,0,0,0.007110953049377927,0.047572336283649666,0.046274576393769425,0.9931879969329918,0.789830273749272,0.05167507801453982,0.1110941657012747,0.07283117315939147,0.017345542625254305,0.011734445934658602,0.0009467678828089563,0.11933768950671479,0.23320973136017115,III-A,0.9931879969329918,III
M482MVAG,8634,8007,89,8,277,0,0,137,0,0,5,1,13,2,9,2,0,0,0,0,0,0,0,0,26,34,0,0,0,20,0,0,0,1,0,0,0,0,0,0,0,0,0,0,0,0,0,0,1,0,0,0,0,0,0,0,0,0,0,0,0,0,0,0,0,0,2,0,0,0,0,0,0,0,0,0,0,0,0,0,0,0,0,0,0,0,0,0,0,0,0,0,0,0,0,0,0,0,0,0,0,0,0,0,0,0,0,0,0,0,0,0,0,0,0,0,0,0,0,0,0,0,0,0,0,0,0,0,0,0,0,0,0,0,0,0,0,0,0.997369369249111,0.9294270747568515,0.02138284953841304,0.007322710668294521,0.10630013213659668,0.0018924452780198636,0.011397678798812328,0.04401192498940331,0.006870060528605828,0.02738762303611079,0.0027051997432065884,0.00814259241363495,0.030173958814086393,I-A,0.997369369249111,I
M483MVAG,8634,7293,1129,1,0,5,0,0,0,0,0,1,1,7,0,27,24,17,0,0,0,0,0,0,3,4,0,0,0,2,0,0,0,9,0,1,5,0,0,0,0,0,6,0,0,0,0,0,0,57,0,0,0,0,0,0,0,0,0,1,6,0,0,23,0,0,1,0,0,0,0,0,0,0,0,0,1,0,1,0,0,0,0,0,0,4,0,0,0,0,0,0,0,0,0,0,0,0,0,0,0,0,0,0,0,0,0,0,0,0,0,0,0,0,0,0,0,0,0,0,5,0,0,0,0,0,0,0,0,0,0,0,0,0,0,0,0,0,0.9654532061813642,0.9613755271847845,0.01144869975090242,0.08444640389593586,0.1949947097904232,0.00976923496372314,0.02808655835263528,0.058492301361191386,0.009140806632406809,0.028993139372435264,0.002715321582243832,0.024921259524764715,0.06053463794674769,I-A,0.9654532061813642,I
M484MVAG,8634,52,7992,2,540,0,0,2,0,0,2,21,6,0,2,0,0,0,0,4,0,0,0,0,0,1,0,2,0,0,0,0,0,0,0,0,0,3,0,0,0,0,4,0,0,0,0,0,0,0,0,0,0,0,0,0,0,0,0,0,0,0,0,0,0,1,0,0,0,0,0,0,0,0,0,0,0,0,0,0,0,0,0,0,0,0,0,0,0,0,0,0,0,0,0,0,0,0,0,0,0,0,0,0,0,0,0,0,0,0,0,0,0,0,0,0,0,0,0,0,0,0,0,0,0,0,0,0,0,0,0,0,0,0,0,0,0,0,0.0057629670882420655,0.04778266934301698,0.08212063159290692,0.9945419237191142,0.8168920514700192,0.05369540805886643,0.1157845593636144,0.07771915345107695,0.018307764628069295,0.012755464791411257,0.0012901644724098253,0.12332702619073593,0.2420253725907398,III-A,0.9945419237191142,III
M485MVAG,8634,8116,31,0,365,0,0,0,0,0,0,6,0,16,0,10,0,0,0,0,0,4,1,0,7,11,0,0,0,0,0,0,0,1,5,1,14,4,0,0,0,0,0,9,0,0,0,0,14,0,0,0,0,0,0,0,0,0,0,0,0,0,0,0,0,0,0,0,1,0,0,0,0,0,0,0,0,2,0,0,0,0,0,0,0,0,0,0,1,0,0,0,0,0,0,0,0,0,0,0,0,0,0,0,0,0,0,0,1,11,0,0,0,0,0,0,0,0,0,0,0,0,0,3,0,0,0,0,0,0,0,0,0,0,0,0,0,0,0.9976034660614475,0.922250677895441,0.026018111796387897,0.003661368371241589,0.1017559377642516,0.0015118268322180646,0.01055393513768919,0.04317029043461231,0.006843374779028796,0.027328500012721066,0.0027630859835158466,0.007493711705421517,0.02835464667660326,I-A,0.9976034660614475,I
M486MVAG,8634,61,5760,3,0,1451,2,6,1,262,84,403,80,196,0,2,0,0,67,2,0,0,0,0,0,0,0,0,0,3,10,0,0,0,0,0,0,0,223,0,0,0,0,0,0,0,0,0,0,0,0,0,0,13,0,0,0,0,0,0,0,0,0,0,0,0,0,0,0,0,0,0,0,0,0,0,0,0,0,0,0,0,0,0,5,0,0,0,0,0,0,0,0,0,0,0,0,0,0,0,0,0,0,0,0,0,0,0,0,0,0,0,0,0,0,0,0,0,0,0,0,0,0,0,0,0,0,0,0,0,0,0,0,0,0,0,0,0,0.007176250036832287,0.049407270402523545,0.05035110973110104,0.8691425055643708,0.8879539690502004,0.09405658049389945,0.17239002865887668,0.10210756803195065,0.018760971550680117,0.013097722233750404,0.001165517067116793,0.1372354096869223,0.26058928695933914,III-B,0.8879539690502004,III
M487MVAG,8634,6467,1810,116,4,0,0,0,0,0,0,0,83,0,77,0,68,0,0,0,9,0,0,0,0,0,0,0,0,0,0,0,0,0,0,0,0,0,0,0,0,0,0,0,0,0,0,0,0,0,0,0,0,0,0,0,0,0,0,0,0,0,0,0,0,0,0,0,0,0,0,0,0,0,0,0,0,0,0,0,0,0,0,0,0,0,0,0,0,0,0,0,0,0,0,0,0,0,0,0,0,0,0,0,0,0,0,0,0,0,0,0,0,0,0,0,0,0,0,0,0,0,0,0,0,0,0,0,0,0,0,0,0,0,0,0,0,0,0.8931048002479894,0.9557024615867699,0.01743085052627855,0.1558151102816226,0.2821622847724713,0.017133294393766884,0.044120899059825275,0.0734420492075531,0.011267141530144808,0.030366260124235416,0.002817406003724915,0.040584834512190686,0.09817997630053746,I-B,0.9557024615867699,I
M488MVAG,8634,7494,85,5,870,0,0,0,0,0,0,0,0,0,0,0,178,0,0,0,0,0,0,0,0,0,0,0,0,0,0,0,0,0,1,0,0,1,0,0,0,0,0,0,0,0,0,0,0,0,0,0,0,0,0,0,0,0,0,0,0,0,0,0,0,0,0,0,0,0,0,0,0,0,0,0,0,0,0,0,0,0,0,0,0,0,0,0,0,0,0,0,0,0,0,0,0,0,0,0,0,0,0,0,0,0,0,0,0,0,0,0,0,0,0,0,0,0,0,0,0,0,0,0,0,0,0,0,0,0,0,0,0,0,0,0,0,0,0.9781159451611301,0.9463299567835775,0.06345505190942058,0.007642891605832881,0.10852454542561314,0.0020004992883267793,0.012037477279579307,0.04784397642151609,0.007810406743099359,0.02885729948260338,0.0031514878384826927,0.008828674963528122,0.0327681083011015,I-A,0.9781159451611301,I
M489MVAG,8634,144,8,6,1764,3582,260,111,6,450,804,76,0,141,2,144,0,0,51,0,0,39,0,0,186,140,0,0,0,8,0,2,7,0,57,30,0,29,91,0,283,2,0,5,0,18,0,25,0,8,6,2,3,0,0,0,52,5,0,2,10,0,13,0,13,11,0,0,0,5,0,10,0,6,0,0,4,2,0,0,0,0,0,0,0,0,0,0,0,0,0,0,0,0,0,0,0,0,0,0,0,0,2,0,4,0,0,0,3,0,0,0,0,0,1,0,0,0,0,0,0,0,1,0,0,0,0,0,0,0,0,0,0,0,0,0,0,0,0.01444661217052061,0.023741820797375687,0.2590835518168215,0.0027269181432482263,0.017537381131103008,0.11138805619603959,0.10146603045503368,0.029653542478573484,0.006781167359178927,0.009359847024461564,0.00271643490849905,0.008086186368687846,0.01988000054407801,II,0.2590835518168215,II
M490MVAG,8634,5881,2598,71,1,1,0,0,0,23,3,0,26,0,14,1,9,0,0,0,0,0,0,0,3,0,0,0,0,0,0,0,0,0,0,0,0,0,0,0,0,0,0,0,0,0,0,0,0,0,0,0,0,0,0,0,0,0,0,0,0,0,0,0,0,0,0,0,3,0,0,0,0,0,0,0,0,0,0,0,0,0,0,0,0,0,0,0,0,0,0,0,0,0,0,0,0,0,0,0,0,0,0,0,0,0,0,0,0,0,0,0,0,0,0,0,0,0,0,0,0,0,0,0,0,0,0,0,0,0,0,0,0,0,0,0,0,0,0.7990251469198484,0.8926144733399878,0.02381417134948887,0.24932509972376132,0.39206712989675924,0.026520537145583396,0.0639721340270265,0.0873254742187445,0.013526151579145428,0.030858646222951383,0.0028347014104568857,0.05881041333923711,0.1293493285718769,I-B,0.8926144733399878,I
M491MVAG,8633,5598,25,2,2,3,0,97,20,384,0,111,1325,7,965,2,0,0,3,4,0,3,1,0,0,0,0,0,0,0,0,0,8,6,5,27,0,6,0,0,3,0,0,0,0,0,0,2,2,0,4,0,3,0,0,0,0,5,0,0,1,0,0,0,0,2,1,0,0,0,0,0,0,0,0,0,0,0,0,0,0,0,0,0,0,0,0,0,0,0,0,0,0,0,0,0,0,0,0,2,3,0,0,0,0,0,0,1,0,0,0,0,0,0,0,0,0,0,0,0,0,0,0,0,0,0,1,0,0,0,0,0,0,0,0,0,0,0,0.8223046254809739,0.9056010480652037,0.008583255905682933,0.003888734592788108,0.11147723295706184,0.015774043070075457,0.03836645239772328,0.057675907239550316,0.00752181903409852,0.027724436991162085,0.002734716470546084,0.010289940136711835,0.033018414087305464,I-B,0.9056010480652037,I
M492MVAG,8634,4190,4272,1,3,2,0,16,55,3,0,10,1,2,0,1,10,0,0,9,0,0,3,0,1,0,0,0,0,0,0,0,0,0,2,1,9,18,0,0,0,0,0,0,0,1,0,0,0,0,0,0,0,0,0,0,0,0,0,0,0,0,2,0,3,0,6,0,0,0,0,0,0,0,0,0,0,2,0,0,0,0,9,0,0,0,0,0,0,0,0,0,2,0,0,0,0,0,0,0,0,0,0,0,0,0,0,0,0,0,0,0,0,0,0,0,0,0,0,0,0,0,0,0,0,0,0,0,0,0,0,0,0,0,0,0,0,0,0.5017952353533085,0.6079683037922202,0.03835712123239719,0.5268393467117695,0.7016074537743464,0.04696770385557849,0.10784535041799705,0.11465236605204206,0.0178939966664702,0.02872068896730616,0.0027189990992763447,0.10275347538540186,0.20559224955903785,III-B,0.7016074537743464,III
M493MVAG,8633,7011,17,374,410,2,0,11,17,0,0,18,11,57,13,236,78,0,14,56,0,44,3,0,10,4,0,0,0,0,0,0,5,8,8,2,79,13,0,0,2,9,54,1,0,0,0,1,4,0,6,0,3,0,0,0,0,0,0,0,3,0,4,0,0,0,4,0,0,3,8,0,4,0,0,5,1,0,0,0,0,1,0,0,0,0,0,0,0,0,0,0,7,0,0,0,0,0,0,0,0,0,0,0,0,0,0,1,0,0,11,0,0,0,1,0,0,0,0,0,0,0,0,0,0,0,0,0,0,0,0,0,0,0,0,0,0,0,0.9680593639061024,0.974201582353849,0.034127374243425414,0.0038776780754889756,0.10718047356512288,0.001679030191535094,0.011814688395450494,0.05083740344833676,0.00744535442346474,0.02867578108107969,0.003128774514942922,0.008196105523978354,0.054496162597250396,I-B,0.974201582353849,I
M494MVAG,8634,8196,14,224,1,3,2,5,1,4,0,1,35,15,18,23,0,0,1,1,0,8,0,0,23,17,0,0,0,1,0,0,2,7,0,6,1,1,0,0,0,0,0,2,0,0,0,2,3,0,0,0,0,1,0,0,0,0,0,0,3,0,0,0,0,0,2,0,0,0,0,0,3,0,0,0,2,2,0,0,0,0,0,0,0,4,0,0,0,0,0,0,0,0,0,0,0,0,0,0,0,0,0,0,0,0,0,0,0,0,0,0,0,0,0,0,0,0,0,0,0,0,0,0,0,0,0,0,0,0,0,0,0,0,0,0,0,0,0.9995032383674838,0.9192024530073123,0.0045239169221138196,0.002908564952706018,0.10063695992230647,0.0014984334337439253,0.010426247095453178,0.042068946154826724,0.0063671011660545495,0.026692295929072754,0.002548801238704385,0.00699940199132074,0.038361105430215654,I-A,0.9995032383674838,I
M495MVAG,8634,8210,181,111,1,0,0,0,0,0,1,0,0,7,0,5,0,0,0,0,0,0,0,0,20,9,0,1,0,0,0,0,0,0,0,0,0,0,0,58,2,0,0,0,0,0,0,0,0,0,0,0,0,0,0,0,0,0,0,0,0,0,0,0,0,0,3,0,0,0,0,0,0,0,0,0,0,0,0,0,0,0,0,0,0,0,0,0,0,0,0,25,0,0,0,0,0,0,0,0,0,0,0,0,0,0,0,0,0,0,0,0,0,0,0,0,0,0,0,0,0,0,0,0,0,0,0,0,0,0,0,0,0,0,0,0,0,0,0.9995158711636428,0.9201318251729026,0.0053469359979478465,0.012989073119040465,0.1113326075781949,0.0024048582258768044,0.012302008218191541,0.043305777984817856,0.006671183636383595,0.026870471065861254,0.002535279381286947,0.009126288561698285,0.03656472721062152,I-A,0.9995158711636428,I
M496MVAG,8634,8579,2,0,7,0,0,1,0,0,0,3,0,2,0,5,0,10,0,0,0,1,0,0,7,3,0,0,0,1,0,0,0,0,0,0,0,1,0,0,0,0,0,0,0,0,0,0,0,10,0,0,0,0,0,0,0,0,0,0,1,0,0,0,0,1,0,0,0,0,0,0,0,0,0,0,0,0,0,0,0,0,0,0,0,0,0,0,0,0,0,0,0,0,0,0,0,0,0,0,0,0,0,0,0,0,0,0,0,0,0,0,0,0,0,0,0,0,0,0,0,0,0,0,0,0,0,0,0,0,0,0,0,0,0,0,0,0,0.9984891717727749,0.8942554127298017,0.0045898324578646545,0.0017118456977818044,0.09730774603616554,0.0012613856109963148,0.009675833079821878,0.03990496087502627,0.006185000216486197,0.026166059570979575,0.0024644601343114547,0.00649804673207339,0.025849822951464325,I-A,0.9984891717727749,I
M497MVAG,8634,10,2568,0,0,0,0,4689,43,0,0,333,0,152,0,10,0,0,0,10,0,0,15,0,0,3,0,0,2,0,0,196,55,82,11,30,20,59,0,0,0,75,0,0,0,0,0,8,7,46,0,18,8,0,0,0,0,0,0,0,0,0,3,0,0,0,0,92,0,11,0,0,0,0,0,20,0,0,3,1,6,0,0,33,0,0,8,0,0,0,0,0,0,0,0,0,0,0,0,0,0,0,0,0,0,0,0,0,0,0,0,0,1,0,0,0,0,0,6,0,0,0,0,0,0,0,0,0,0,0,0,0,0,0,0,0,0,0,0.0019450534865197487,0.02196568046258494,0.023354384247761602,0.28678676795251584,0.3023023857932646,0.03227145213934952,0.06806922056786874,0.055183280696681,0.009193478371750234,0.005951327270628535,0.0008719953762932214,0.0644700874495587,0.114191487461641,III-B,0.3023023857932646,III
M498MVAG,8634,68,8045,126,0,0,0,0,18,3,241,0,42,33,51,5,0,0,0,0,0,0,0,0,0,0,0,0,0,0,0,0,0,0,0,0,0,0,0,0,0,0,0,0,0,0,0,0,0,0,0,0,0,1,0,0,1,0,0,0,0,0,0,0,0,0,0,0,0,0,0,0,0,0,0,0,0,0,0,0,0,0,0,0,0,0,0,0,0,0,0,0,0,0,0,0,0,0,0,0,0,0,0,0,0,0,0,0,0,0,0,0,0,0,0,0,0,0,0,0,0,0,0,0,0,0,0,0,0,0,0,0,0,0,0,0,0,0,0.006790910366346727,0.04826840582363701,0.04652736508675714,0.9977753232989501,0.8172488283611677,0.053634053587962055,0.1155851898229749,0.07649780924932273,0.01763705989989972,0.011944184325036035,0.001004931748322587,0.12289395180365716,0.24910277833863267,III-A,0.9977753232989501,III
M499MVAG,8634,8091,0,0,0,0,0,89,5,0,0,0,0,40,0,41,0,48,0,39,192,0,0,0,0,0,0,3,0,13,0,0,0,16,10,4,0,0,0,0,0,0,0,0,0,23,0,0,0,0,8,0,0,0,0,0,0,0,0,0,0,0,0,0,0,0,0,0,0,0,0,0,0,0,0,0,0,0,3,0,0,0,0,0,0,0,0,0,0,0,5,0,0,0,0,0,0,0,0,0,0,0,0,0,0,0,0,0,0,0,0,0,4,0,0,0,0,0,0,0,0,0,0,0,0,0,0,0,0,0,0,0,0,0,0,0,0,0,0.9985275922328306,0.9221147013316356,0.004320232590553353,0.0016010325138265087,0.09969542769715647,0.0013254455573047908,0.010104112410218281,0.042376296155694694,0.006352356623413785,0.027043627068129905,0.0025457228010563942,0.0068326311773464505,0.026506523824843815,I-A,0.9985275922328306,I
M500MVAG,8634,7212,1189,0,4,0,0,44,20,0,0,30,14,26,10,4,0,0,0,0,0,0,3,0,0,0,0,0,0,2,1,31,0,2,0,2,0,8,0,0,0,9,0,0,0,9,0,3,0,0,0,0,4,0,0,0,0,0,0,0,0,0,0,0,0,0,0,0,0,0,0,1,0,3,0,0,0,0,0,0,0,0,0,0,0,0,0,0,0,0,3,0,0,0,0,0,0,0,0,0,0,0,0,0,0,0,0,0,0,0,0,0,0,0,0,0,0,0,0,0,0,0,0,0,0,0,0,0,0,0,0,0,0,0,0,0,0,0,0.9604334657798531,0.9630274761043885,0.012180836907082968,0.09008879872997197,0.2018890285415264,0.010325503807048782,0.029388100730098298,0.05983085093323127,0.009331663733494686,0.029147157529944942,0.002754113284012606,0.026199418645003403,0.06284458522577901,I-B,0.9630274761043885,I
